held_out,block,budget,cell_type,Theta,S,Sigma
HC-014,0,60,B,-0.7038030949809663,0.3160222717243897,-0.07242600353497018
HC-014,0,300,B,-0.1339851399902648,-0.040512575222592724,-0.18587856974106134
HC-014,1,60,B,0.3048850029083017,-0.09939492336547466,-0.26265191677041533
HC-014,1,300,B,0.05234380863713243,-0.10024970987745323,-0.09885898673247051
HC-014,2,60,B,0.3091822261743202,-0.022726738823041062,-0.20941414532215372
HC-014,2,300,B,-0.23836801220485312,0.05163286445927453,-0.14526573618490557
HC-502,0,60,B,0.8516281502345796,0.14620471835089976,0.015112252429840283
HC-502,0,300,B,0.005933573738273665,0.20306646749052884,-0.13816954097888443
HC-502,1,60,B,2.2411898222760027,0.016694898644244453,-0.136552805796802
HC-502,1,300,B,0.08754022367629348,-0.05281451500511677,-0.08883519815179959
HC-502,2,60,B,1.4320415291650521,-0.11098131276109985,-0.24495417126990257
HC-502,2,300,B,0.728984467096223,0.1914903633585429,-0.06572265447937363
HC-572,0,60,B,-1.763059383239742,0.46745205404692136,-0.0558732087608468
HC-572,0,300,B,-0.06326069587082254,-0.023000496940899447,-0.21464870717005066
HC-572,1,60,B,-0.13699515094793963,-0.21179406741243956,-0.1140190081146525
HC-572,1,300,B,-0.346985034892513,-0.10856918998836233,-0.1950096472859204
HC-572,2,60,B,-0.709120559274767,-0.024805560699744423,-0.25899465595288435
HC-572,2,300,B,-0.32046576776257946,0.06005216583412754,-0.14200450298181333
IGTB1506,0,60,B,1.4549171274042287,0.10103423239865461,-0.010485709777544767
IGTB1506,0,300,B,0.16903758495720914,0.1774613018905735,-0.03173054997241755
IGTB1506,1,60,B,2.0093336452149204,-0.1148155435883244,-0.0065132766587457855
IGTB1506,1,300,B,0.0067093830154996035,-0.06515010943622358,-0.07232212292791199
IGTB1506,2,60,B,1.816081575936147,-0.05634329109728809,-0.1506807817893023
IGTB1506,2,300,B,0.6342191158822308,0.23389543626243947,-0.06565989012150082
IGTB1650,0,60,B,2.2210620524656366,-0.44511346632692494,-0.1766272817581704
IGTB1650,0,300,B,0.4599693331774792,-0.1258190999415837,-0.1378758135531201
IGTB1650,1,60,B,1.6115874874332459,0.16787190671168753,-0.2030961777995761
IGTB1650,1,300,B,0.10187186161584406,0.16989068473773083,-0.004527795109199977
IGTB1650,2,60,B,2.5155631446406015,0.09613074516834723,-0.2493658139818773
IGTB1650,2,300,B,0.6091336941756456,0.03004276295516327,-0.2070799071597843
IGTB1913,0,60,B,1.5628730034394875,-0.6566249736667038,-0.07570589147481278
IGTB1913,0,300,B,0.5179266685500534,-0.07548962786750157,0.009794499796145679
IGTB1913,1,60,B,1.6444942257343553,0.3855062996473426,-0.4306300259235807
IGTB1913,1,300,B,0.26286234165045586,0.18130184019894072,-0.07176813864252773
IGTB1913,2,60,B,2.2305301378110576,-0.1503770476695682,-0.2689366868505712
IGTB1913,2,300,B,0.6648272768790441,-0.1273195025715335,-0.03682308796143169
IGTB1921,0,60,B,2.334328575187403,-0.47683822141044424,-0.009578889654654659
IGTB1921,0,300,B,0.3709792498073623,0.054531818902400275,-0.04597911411109753
IGTB1921,1,60,B,2.0914625099866186,0.1221647126861188,-0.16242618292319103
IGTB1921,1,300,B,0.4704043073256334,0.056450685321450374,0.039999946709553674
IGTB1921,2,60,B,2.1827406479982634,0.11952659785768997,-0.08611281999373172
IGTB1921,2,300,B,0.5663693095562995,0.019878237995572232,-0.0710944782341555
IGTB195,0,60,B,1.1742285923878948,0.0017794743750186998,-0.12372307616358484
IGTB195,0,300,B,0.2546842652257997,0.15234074332326905,-0.06726354899943772
IGTB195,1,60,B,2.2467890612398373,-0.001128486642380944,-0.058850181358920624
IGTB195,1,300,B,0.19999602344479306,-0.1283637707102781,-0.09026079878140851
IGTB195,2,60,B,1.8358215593523122,-0.019941823992943725,-0.19911295864071513
IGTB195,2,300,B,0.912698530987066,0.18345549861249463,-0.0748948427553822
IGTB1966,0,60,B,-1.3511954177328045,-1.3076466208423037,-0.3266849915211254
IGTB1966,0,300,B,0.29381890650438125,0.06172744056267637,-0.3224105457229937
IGTB1966,1,60,B,1.2855974802569374,1.095438261325134,-0.5380676766251654
IGTB1966,1,300,B,-1.1719289501425194,0.28981999764320804,-0.070383562204909
IGTB1966,2,60,B,-0.15563803317240762,-0.32026344735641105,-0.33599733493785827
IGTB1966,2,300,B,0.09654341340796291,-0.17401968440958626,-0.2648082404698406
IGTB256,0,60,B,1.0567797467839972,-0.2046424356953441,-0.07913948837444305
IGTB256,0,300,B,0.4419245785926158,-0.0541268523136594,-0.004034384971356088
IGTB256,1,60,B,2.1600836294086943,0.37449855156185174,-0.04856600567781663
IGTB256,1,300,B,-0.055498539452051215,0.09790647844888506,-0.009436762358063759
IGTB256,2,60,B,2.2522380864849683,-0.2701157972451311,-0.04350709778312387
IGTB256,2,300,B,0.3763473464266476,-0.10645005697483263,-0.052573310786561016
IGTB498,0,60,B,1.9899082395481227,-0.3283239372657099,-0.017185986534620685
IGTB498,0,300,B,0.33958163661971486,-0.0571134262999099,-0.02882093059515542
IGTB498,1,60,B,2.958922087110493,0.1951696088874143,-0.04406933252523081
IGTB498,1,300,B,0.13166553176697968,0.1272226076283449,-0.08867495984403845
IGTB498,2,60,B,3.0585721024903694,0.054669780687300856,-0.08642514985525622
IGTB498,2,300,B,0.14578936115123822,-0.03860814330801894,-0.07887797353909566
IGTB508,0,60,B,0.5606433011356039,0.0037431900010625727,0.004362329265442548
IGTB508,0,300,B,0.24738587993396277,-0.04393991993680802,-0.026985056442345477
IGTB508,1,60,B,1.6213802114129392,0.32749722207457116,-0.14809928241321813
IGTB508,1,300,B,-0.05627187871493237,0.014193335977185723,-0.02499914399180488
IGTB508,2,60,B,2.128213741472526,-0.29309575794587817,-0.15306337553093727
IGTB508,2,300,B,0.1652997953609627,-0.0633962369142962,-0.03777083089420758
IGTB514,0,60,B,1.2252080674586374,-0.46335194315512945,-0.08101302189774227
IGTB514,0,300,B,0.47396751971840595,-0.15983161492925277,-0.05041672938688829
IGTB514,1,60,B,2.4433005927710556,0.2969915487391933,-0.12489385638071289
IGTB514,1,300,B,0.35956894339360707,0.07847779804573903,-0.148481208007031
IGTB514,2,60,B,2.0550682902221693,0.01472079172227699,-0.16343502758394282
IGTB514,2,300,B,0.40861230269569254,0.019663101260023602,-0.04533107688171051
IGTB826,0,60,B,-0.20383915232921737,0.30321513226874514,-0.1864091172070402
IGTB826,0,300,B,-0.14084467250769184,0.004772186213338092,-0.11463626377458704
IGTB826,1,60,B,1.3352949899694844,-0.1326881701706115,-0.03524964067301773
IGTB826,1,300,B,-0.3265826310627107,-0.03866337158954871,-0.13484705724775745
IGTB826,2,60,B,1.6431700381225556,-0.1992201297799959,-0.13621808264910432
IGTB826,2,300,B,0.2183015761224222,0.1588225875439703,-0.15870461971829042
HC-014,0,60,CD14 Mono,0.36508255570279685,0.009320421511019847,-0.09439478080358492
HC-014,0,300,CD14 Mono,-0.11593035931242583,0.007513005043094509,-0.058380672503900465
HC-014,1,60,CD14 Mono,0.008407625230100578,0.011733714614464296,-0.1622221790407457
HC-014,1,300,CD14 Mono,0.2605664927932646,-0.12335265595625743,-0.16841055024071225
HC-014,2,60,CD14 Mono,-0.028909705712294936,0.22418965787554349,-0.1598298006403322
HC-014,2,300,CD14 Mono,-0.20220363218858453,-0.07237594967857654,-0.034492033667178075
HC-502,0,60,CD14 Mono,1.1420537821610481,0.1667109847444256,0.0909698875638018
HC-502,0,300,CD14 Mono,0.23917436612127616,-0.010493068313255511,-0.04280242912337546
HC-502,1,60,CD14 Mono,1.183801061809343,0.11045658780180938,0.1287031537007065
HC-502,1,300,CD14 Mono,0.09904105166892259,-0.01755244595152938,-0.03232580577997105
HC-502,2,60,CD14 Mono,0.753629423912478,0.18131487765657386,-0.08422877319346489
HC-502,2,300,CD14 Mono,0.14328152663601942,-0.006686507654491992,-0.058543518283638914
HC-572,0,60,CD14 Mono,0.3048791947012128,0.02947871868172323,-0.054516095405974525
HC-572,0,300,CD14 Mono,-0.04167129761925812,-0.017871353373444088,-0.10934678787576457
HC-572,1,60,CD14 Mono,0.2804674688678228,0.025675788789790377,-0.01479398211713867
HC-572,1,300,CD14 Mono,0.14329760434223218,-0.06943018359505264,-0.05095803943535281
HC-572,2,60,CD14 Mono,-0.07564585199825317,0.22003055606274355,-0.16869441602588195
HC-572,2,300,CD14 Mono,-0.048212948844766935,-0.11195818323745847,-0.0862171822769584
IGTB1506,0,60,CD14 Mono,1.1493812910978494,-0.041605202248555115,0.15749059491479786
IGTB1506,0,300,CD14 Mono,0.2793967582885067,0.015330552455321013,-0.03488242372396758
IGTB1506,1,60,CD14 Mono,1.4826815622185618,0.19381100827833553,0.15787470657047034
IGTB1506,1,300,CD14 Mono,0.15886079256254015,-0.06740396104784542,-0.0321742264126564
IGTB1506,2,60,CD14 Mono,0.8981394744851711,0.21242983389335024,-0.06172732744698247
IGTB1506,2,300,CD14 Mono,0.27191537768160634,-0.09583573106400926,-0.015405480905207256
IGTB1650,0,60,CD14 Mono,1.6146123415722846,0.08542226939775062,-0.08656107176552562
IGTB1650,0,300,CD14 Mono,0.4820849511441971,0.04917324803049483,-0.026884248685929018
IGTB1650,1,60,CD14 Mono,1.7376186691047837,0.028585353044415656,0.08188680680076856
IGTB1650,1,300,CD14 Mono,0.2886222511897914,0.005010148329723596,-0.020859651689733087
IGTB1650,2,60,CD14 Mono,1.9674340785664102,0.028553384606662843,-0.16983596277294535
IGTB1650,2,300,CD14 Mono,0.5806548626143875,-0.07740561066213016,-0.0702038551128237
IGTB1913,0,60,CD14 Mono,1.3346388216404295,0.08476068939698006,0.06662501977103043
IGTB1913,0,300,CD14 Mono,0.6856614293790096,-0.018474126475921417,-0.0035018792659560903
IGTB1913,1,60,CD14 Mono,1.5087428023735336,-0.0185166620401687,-0.08826860318847492
IGTB1913,1,300,CD14 Mono,0.538957903473469,-0.0366935424934827,-0.059336017274710995
IGTB1913,2,60,CD14 Mono,1.557968211634558,0.08909041398006794,0.0006804956290358483
IGTB1913,2,300,CD14 Mono,0.504727665910668,0.010132345946174263,0.009382173116619397
IGTB1921,0,60,CD14 Mono,0.976848648814912,0.052670529414807994,0.11899339106902211
IGTB1921,0,300,CD14 Mono,0.09795390037665282,0.05158082483831768,-0.013351803001352148
IGTB1921,1,60,CD14 Mono,0.8896967973537905,0.12511489223820457,0.11345489900762278
IGTB1921,1,300,CD14 Mono,-0.05257825853887044,0.049670732635391145,0.025914187856246065
IGTB1921,2,60,CD14 Mono,1.1311724674121566,-0.014141439407678896,0.05398190441186099
IGTB1921,2,300,CD14 Mono,0.29029167933231914,-0.07386977985257444,-0.025265091979096932
IGTB195,0,60,CD14 Mono,0.20079358646637205,0.010423556259119138,-0.12107861489866995
IGTB195,0,300,CD14 Mono,0.10097601270885477,0.0507914673573775,-0.07600643930870804
IGTB195,1,60,CD14 Mono,0.17329349887558151,0.03083819379726012,0.043035903789816414
IGTB195,1,300,CD14 Mono,0.18628208387408776,-0.04130671457571937,-0.10360169054146438
IGTB195,2,60,CD14 Mono,-0.1975246896625482,0.4228828749858496,-0.0832640270829801
IGTB195,2,300,CD14 Mono,0.17622926377434522,-0.07205186412649073,-0.0673939208786988
IGTB1966,0,60,CD14 Mono,0.9334062081305433,0.10533170829970635,0.17903257257997893
IGTB1966,0,300,CD14 Mono,0.05418669445191485,-0.05085880836887053,0.02263685182088719
IGTB1966,1,60,CD14 Mono,0.2774916787381862,0.001407010763577685,0.22400279451718533
IGTB1966,1,300,CD14 Mono,0.020907437258494057,-0.008256721078418969,0.08081475203035303
IGTB1966,2,60,CD14 Mono,0.9764616538023742,-0.16220292375997544,0.0868590684073946
IGTB1966,2,300,CD14 Mono,-0.1576835378097445,0.1466076745679523,0.027416237180705943
IGTB256,0,60,CD14 Mono,1.3559917380052697,0.21092512170098263,0.019636458201656246
IGTB256,0,300,CD14 Mono,0.40007890043698974,-0.0099841765236423,-0.013658287291235438
IGTB256,1,60,CD14 Mono,1.1520016841457763,-0.04475988708947637,-0.02456043586627178
IGTB256,1,300,CD14 Mono,0.2365140769744333,-0.0350468283540242,-0.0006574741166519399
IGTB256,2,60,CD14 Mono,1.0963091060148478,0.1340141098155052,0.011071622113421706
IGTB256,2,300,CD14 Mono,0.37570121193902467,-0.02429367540498989,0.005670929993350158
IGTB498,0,60,CD14 Mono,0.8847198816134147,0.143989922822208,-0.023771357849153102
IGTB498,0,300,CD14 Mono,0.14529377903273152,-0.027140360063682534,0.012076126651636938
IGTB498,1,60,CD14 Mono,0.7043225983675101,0.013003161337981713,0.1191986344399899
IGTB498,1,300,CD14 Mono,-0.06389784585174067,0.07298306574872225,-0.048562924820079706
IGTB498,2,60,CD14 Mono,0.5241506716995155,0.24089807409584843,-0.09199870992997557
IGTB498,2,300,CD14 Mono,0.22412143177632285,-0.18964151282332006,-0.03084760203778208
IGTB508,0,60,CD14 Mono,1.284097866694837,-0.007982173202257817,0.06864508376716232
IGTB508,0,300,CD14 Mono,0.42527453726090164,0.04454019559881265,-0.021149341820301804
IGTB508,1,60,CD14 Mono,1.3062309045330467,0.04890626734142237,-0.03873260553511597
IGTB508,1,300,CD14 Mono,0.21183956608894508,-0.15855647221356203,0.004507925210854005
IGTB508,2,60,CD14 Mono,1.1761088014957208,0.19471451134518225,-0.023187918707135633
IGTB508,2,300,CD14 Mono,0.1321900397424711,0.04514635542703716,0.007460402844036905
IGTB514,0,60,CD14 Mono,0.8722805271869021,0.1222934759716393,-0.006859253419948259
IGTB514,0,300,CD14 Mono,-0.06632974767015826,0.12911382646133732,0.06678482755601066
IGTB514,1,60,CD14 Mono,0.8171713567962966,0.09890281525190481,-0.11686544160218915
IGTB514,1,300,CD14 Mono,-0.1197389207014843,-0.021571151988437186,-0.021123844026354286
IGTB514,2,60,CD14 Mono,1.097895862460669,-0.04100095545184038,-0.08504543780820907
IGTB514,2,300,CD14 Mono,-0.09008383310562607,0.02922504808011711,-0.08684837017298613
IGTB826,0,60,CD14 Mono,1.1430171262478968,0.0660688182161264,0.06553987251389161
IGTB826,0,300,CD14 Mono,0.3052070889183208,-0.01653792815358374,-0.05170236547987589
IGTB826,1,60,CD14 Mono,1.3680816962850118,-0.11862359420926694,0.0892915682032105
IGTB826,1,300,CD14 Mono,0.21876211505522702,-0.04417741519714554,0.0005590535267972919
IGTB826,2,60,CD14 Mono,0.7535664099223771,0.24759821687048603,-0.029186322568665005
IGTB826,2,300,CD14 Mono,0.16191722443296244,-0.03731024167811842,-0.02167330434326289
HC-014,0,60,CD4 T,-0.5603033194848676,-0.23676716793299044,-0.0876203520358183
HC-014,0,300,CD4 T,-0.8290941267620701,-0.04052951392224714,0.32544504879465386
HC-014,1,60,CD4 T,-1.415942693873421,0.17024114273409127,-0.22777047519372493
HC-014,1,300,CD4 T,0.41282595473049394,-0.02422098801067678,0.19741233356950857
HC-014,2,60,CD4 T,-0.6316017645741614,-0.021158060593744494,0.004730227535220371
HC-014,2,300,CD4 T,-0.5593975993154322,-0.005485306475073251,0.00012208329052109472
HC-502,0,60,CD4 T,1.5381624076130505,-0.01216624932661014,0.014857158346095767
HC-502,0,300,CD4 T,-1.5365736044826306,-0.04106816025560259,0.06670105087665122
HC-502,1,60,CD4 T,0.2359578222192837,0.16648450849948782,-0.16281804065116076
HC-502,1,300,CD4 T,-0.2208826427471692,-0.09549624688377199,-0.4771445663911758
HC-502,2,60,CD4 T,1.1768893601361958,-0.023696263645770068,-0.15015529283220178
HC-502,2,300,CD4 T,-0.4505477394431428,-0.011238115979814556,-0.584355016174627
HC-572,0,60,CD4 T,0.7860117122484302,-0.24243517015090946,-0.11279932023849938
HC-572,0,300,CD4 T,-0.8336169433563537,-0.001070431139229799,0.16014430291435264
HC-572,1,60,CD4 T,0.3523461886227803,0.17657418353016288,-0.3183909454892926
HC-572,1,300,CD4 T,0.2881000223615298,-0.11135768354930907,-0.056321734184109185
HC-572,2,60,CD4 T,0.9431441621441241,-0.04610229015438641,-0.08290533989870869
HC-572,2,300,CD4 T,-1.8975804713754532,-0.00432871414165607,0.07360016642773937
IGTB1506,0,60,CD4 T,0.38513186163974594,0.2882991464852207,-0.3419090039061485
IGTB1506,0,300,CD4 T,-1.6339949641879497,0.02873985669719982,-0.36422140125759994
IGTB1506,1,60,CD4 T,-0.4706470820982618,-0.2753600570021538,-0.2631766039699676
IGTB1506,1,300,CD4 T,-1.0458424834779725,-0.05253931450504512,-0.5389085993279211
IGTB1506,2,60,CD4 T,0.7948488312693837,0.2930809798491342,-0.28983752406115254
IGTB1506,2,300,CD4 T,-2.3961711934521834,-0.0687312202697685,-0.22357913326511683
IGTB1650,0,60,CD4 T,1.5844855727616887,-0.15266478642057482,-0.04363574061192965
IGTB1650,0,300,CD4 T,-0.1946593519376065,-0.01817385672438449,-0.06549697492926854
IGTB1650,1,60,CD4 T,1.5846413898674856,-0.04435081434190577,0.033218180198745784
IGTB1650,1,300,CD4 T,1.3283932984357743,-0.04342022385908446,-0.2123569713054075
IGTB1650,2,60,CD4 T,0.5563134366408943,0.12010556684994605,-0.18463828158162277
IGTB1650,2,300,CD4 T,-0.15017924317792358,-0.15140225209252187,-0.0016596510629745826
IGTB1913,0,60,CD4 T,1.9054056147113838,-0.062003156445941926,-0.0382290675955427
IGTB1913,0,300,CD4 T,0.1749317999499422,-0.1187995800161925,0.0615475798429421
IGTB1913,1,60,CD4 T,1.4293606404858237,-0.11237863458668729,0.09739815424803616
IGTB1913,1,300,CD4 T,0.20240259226557247,0.09140228183127702,-0.20526134598126614
IGTB1913,2,60,CD4 T,1.3679177108699303,0.2288835252261668,-0.011547521865479237
IGTB1913,2,300,CD4 T,0.7637767941553948,0.04760519248406017,0.042468941896600214
IGTB1921,0,60,CD4 T,1.195482401706373,0.2820125182445558,-0.287028765532082
IGTB1921,0,300,CD4 T,-0.7460134542350589,-0.026283387493046848,-0.246091181090174
IGTB1921,1,60,CD4 T,0.7541732379052691,-0.06832884411593997,-0.1119075664214419
IGTB1921,1,300,CD4 T,-0.8113093358466434,0.01817644913373816,-0.4547931187875261
IGTB1921,2,60,CD4 T,0.6969021197811043,0.20623423539648353,-0.2923133332218703
IGTB1921,2,300,CD4 T,-1.4411406713738664,0.11422132384107596,-0.08960924665258974
IGTB195,0,60,CD4 T,0.690656533151257,-0.2756487400501843,-0.05995830915485103
IGTB195,0,300,CD4 T,-0.7911570209624235,-0.025365927663862812,-0.18479069385481947
IGTB195,1,60,CD4 T,0.6517402787761309,0.07247162230668228,0.10445615247186589
IGTB195,1,300,CD4 T,-0.569256316333358,-0.1185676467421931,-0.2961948617522879
IGTB195,2,60,CD4 T,0.7011345442856943,0.08282235061392783,-0.14492231066541858
IGTB195,2,300,CD4 T,-0.8369525020896486,7.52356408731646e-05,-0.44739341674956973
IGTB1966,0,60,CD4 T,1.8104453329851395,0.31991705687124056,-0.2132171463595831
IGTB1966,0,300,CD4 T,1.2157617713395834,-0.031121206223180386,0.13301832162530824
IGTB1966,1,60,CD4 T,1.3579532879549718,-0.19293552457417176,0.1476464974230143
IGTB1966,1,300,CD4 T,0.6365111272896032,0.0036539472567132477,-0.0992033378064695
IGTB1966,2,60,CD4 T,2.036869441134587,0.38627668309012986,0.004221305293403955
IGTB1966,2,300,CD4 T,0.9502619601717388,-0.12408844380383932,-0.007616237214117967
IGTB256,0,60,CD4 T,0.7615945514791546,-0.2065236178385118,-0.09819297153428509
IGTB256,0,300,CD4 T,-1.5315257566719156,-0.05727460819674404,0.04009818231889094
IGTB256,1,60,CD4 T,0.5486106798227616,0.3359021447060498,-0.044128326609622744
IGTB256,1,300,CD4 T,-0.15592804374982594,-0.0465073659445491,-0.087885226177009
IGTB256,2,60,CD4 T,-0.21550372341020382,0.08029286400608708,-0.13743372872245319
IGTB256,2,300,CD4 T,0.14054537884146537,-0.07129835905867515,-0.14315029843375274
IGTB498,0,60,CD4 T,0.05345218017064254,0.4445936482753532,-0.19188780543202855
IGTB498,0,300,CD4 T,-2.108498106333927,-0.09946691129804532,-0.010398872920786112
IGTB498,1,60,CD4 T,-0.2218314808627573,-0.24159654347656723,-0.0672169222422901
IGTB498,1,300,CD4 T,-1.7172470428794095,0.07489997585292922,-0.015314157836911325
IGTB498,2,60,CD4 T,0.3349861608660221,0.37679840257190955,-0.12416106620567963
IGTB498,2,300,CD4 T,-0.599749540445909,0.03517343925779013,0.05292434498732113
IGTB508,0,60,CD4 T,1.6635201248089553,0.15494652471614545,-0.0804710936327463
IGTB508,0,300,CD4 T,-0.2890926257965814,-0.08681647825159992,0.058565639318233866
IGTB508,1,60,CD4 T,1.280388812414689,0.06390850006378856,-0.061442330642474674
IGTB508,1,300,CD4 T,-1.1516872319946536,0.10008013798393517,-0.186763289542932
IGTB508,2,60,CD4 T,1.0456695201193689,0.24012459048781576,0.00752766550415234
IGTB508,2,300,CD4 T,-0.7979493595072905,0.08847089205948801,-0.19435275204735736
IGTB514,0,60,CD4 T,1.2533396770305332,0.26839381496396725,-0.05991629986757824
IGTB514,0,300,CD4 T,0.19721908672343455,-0.08109691753094037,0.12323979952277618
IGTB514,1,60,CD4 T,1.144977946728187,-0.0021862152709788744,-0.004650637036720455
IGTB514,1,300,CD4 T,0.6973233632180326,-0.017050061877998984,0.12855366072587307
IGTB514,2,60,CD4 T,1.0208102757833155,0.15839328913051914,-0.04992131319889962
IGTB514,2,300,CD4 T,0.8059998642326015,-0.12934561366925604,-0.038201386101203806
IGTB826,0,60,CD4 T,0.1897693072886317,0.3384277881084931,-0.2170592015155531
IGTB826,0,300,CD4 T,-2.0585405804069854,0.09059763374925721,-0.14046693492249862
IGTB826,1,60,CD4 T,-0.9307836062702051,-0.2516189401748671,-0.19630245964431792
IGTB826,1,300,CD4 T,-1.2338919550714902,0.016894740190845973,-0.24255472157088734
IGTB826,2,60,CD4 T,0.004934024290325949,0.21466123587490113,-0.3719894275160756
IGTB826,2,300,CD4 T,-1.8044858203285108,-0.04758650083089083,-0.0020216533419643184
HC-014,0,60,CD8 T,0.16809942318535642,0.0749260657751764,-0.14792005825411722
HC-014,0,300,CD8 T,-1.074023012704717,-0.017839284093990035,-0.07244845136815946
HC-014,1,60,CD8 T,0.09465311820093746,0.3245208892795435,-0.6189288007464732
HC-014,1,300,CD8 T,1.0474216568602246,-0.12934392424813868,-0.07486743143664831
HC-014,2,60,CD8 T,-0.5584599902931573,-0.008413871945410085,-0.3084675209993743
HC-014,2,300,CD8 T,-1.0374730478148104,0.024653488332663273,-0.018490729767772822
HC-502,0,60,CD8 T,1.1787734878320923,-0.007849525654029165,-0.037740716652624864
HC-502,0,300,CD8 T,-0.05860159232288933,0.013299574349844754,-0.09734876767923008
HC-502,1,60,CD8 T,0.6422008920425569,0.18418313770820502,-0.4250633267103885
HC-502,1,300,CD8 T,0.1540235412076158,-0.11715255442454924,-0.547316077428046
HC-502,2,60,CD8 T,0.9917232853634804,0.216109779822569,-0.14393569131959158
HC-502,2,300,CD8 T,1.2481813447786212,-0.08718937545447024,-0.7174061663765041
HC-572,0,60,CD8 T,0.2868937627059704,-0.19850897306932125,-0.1561486713558319
HC-572,0,300,CD8 T,-0.6664255968069615,-0.01051672456852455,0.006717447439733365
HC-572,1,60,CD8 T,-0.12372030591783915,0.28271732462300353,-0.6322269024562505
HC-572,1,300,CD8 T,1.5576848759658677,-0.14023608230829263,-0.01127484901407082
HC-572,2,60,CD8 T,0.696744291481325,-0.25935335631181644,-0.2379171240183674
HC-572,2,300,CD8 T,-1.9746912413939128,-0.06036022100340812,-0.061575985238480645
IGTB1506,0,60,CD8 T,0.4220457370361515,0.06330845191111058,-0.13810171094296667
IGTB1506,0,300,CD8 T,-1.7928332085918184,-0.0391949117283035,-0.24757255121128666
IGTB1506,1,60,CD8 T,0.46773264808096293,-0.13353768659951334,-0.15997964752910285
IGTB1506,1,300,CD8 T,-1.4617588337440601,0.022595282747135598,-0.3316004122926171
IGTB1506,2,60,CD8 T,0.15324429401983905,0.1937151162570311,-0.3425267257021765
IGTB1506,2,300,CD8 T,-2.27576809603836,0.03735730825173381,-0.21080369648281425
IGTB1650,0,60,CD8 T,0.9642270423045166,-0.10183611184087062,-0.010300364577241875
IGTB1650,0,300,CD8 T,-0.9773500389582362,0.015135775841651725,-0.07727607715949868
IGTB1650,1,60,CD8 T,0.9034866073812057,-0.1073156751307729,-0.18976232163218512
IGTB1650,1,300,CD8 T,1.2748791139846947,0.034059424690348006,-0.24756417481844292
IGTB1650,2,60,CD8 T,-0.3506280706063291,0.11933730053628168,-0.3272131874128103
IGTB1650,2,300,CD8 T,-0.39572483292102084,-0.10969931397591344,-0.1468880664860779
IGTB1913,0,60,CD8 T,0.8487712218245697,0.12104718925779162,-0.16324500472804002
IGTB1913,0,300,CD8 T,-0.04935104022831022,-0.004594471716788273,-0.07959943554081661
IGTB1913,1,60,CD8 T,0.4438800611804446,-0.12572468413924712,-0.07048863748301275
IGTB1913,1,300,CD8 T,0.328323197875697,0.06010762278888285,-0.11301448849719581
IGTB1913,2,60,CD8 T,0.7362243029530223,0.11264927069840751,-0.07771285721755623
IGTB1913,2,300,CD8 T,0.38980613469054676,-0.02740784972153675,-0.1436207576380008
IGTB1921,0,60,CD8 T,0.417258334280522,0.05748455874021332,-0.27822265412616737
IGTB1921,0,300,CD8 T,-1.2393828092177424,-0.08207594433476971,-0.2800745660906266
IGTB1921,1,60,CD8 T,0.6540918644323227,-0.049167469593681824,-0.08313907068007333
IGTB1921,1,300,CD8 T,-1.3510267451837426,0.018584177490920065,-0.44502793609054253
IGTB1921,2,60,CD8 T,0.4700281757880092,-0.12547065808559696,-0.24905990219448992
IGTB1921,2,300,CD8 T,-2.736391298198479,0.05231405215736146,-0.2679870284489823
IGTB195,0,60,CD8 T,0.1521553802274975,-0.2588290278398099,-0.1779681131742242
IGTB195,0,300,CD8 T,-1.261306293458067,0.1261774468078342,-0.12689403062891827
IGTB195,1,60,CD8 T,0.39940248987120114,0.29753678325098504,-0.31844994420326644
IGTB195,1,300,CD8 T,-0.8159118623441239,-0.2283752089983353,-0.36571559263441406
IGTB195,2,60,CD8 T,0.6021090497245889,0.30179005296929295,-0.17855014922427948
IGTB195,2,300,CD8 T,0.09481495345359116,-0.047539641817676316,-0.5480071533700154
IGTB1966,0,60,CD8 T,-0.2958614368700093,0.06820547812038212,-0.05418334537359489
IGTB1966,0,300,CD8 T,-0.05248722643037088,0.029841809973672057,0.15769674895706318
IGTB1966,1,60,CD8 T,0.58891967999539,-0.07579197018979435,-0.1834813453318929
IGTB1966,1,300,CD8 T,-0.5551780128339732,0.07261515724571549,0.04588102411199261
IGTB1966,2,60,CD8 T,0.23094645210427492,0.3006916768464262,0.06241395411796422
IGTB1966,2,300,CD8 T,0.47553675727261463,-0.027209720397153844,0.15283006831889712
IGTB256,0,60,CD8 T,0.12776976138282825,0.1213495899830467,-0.1859055406375585
IGTB256,0,300,CD8 T,-1.3625282276045667,0.05975874392516934,-0.1310501694003078
IGTB256,1,60,CD8 T,0.8750839674086718,0.3329385384704605,-0.14791351812823098
IGTB256,1,300,CD8 T,-0.606764807194164,-0.08339852382220792,-0.24171864975588697
IGTB256,2,60,CD8 T,0.42728954494307225,0.2446049812897935,-0.14841814552088792
IGTB256,2,300,CD8 T,0.4040237209179997,-0.06001555112273218,-0.11291910965809283
IGTB498,0,60,CD8 T,0.5760074035408983,-0.07136405357801391,-0.06839952870494072
IGTB498,0,300,CD8 T,-1.2386673708578606,-0.05186406987657972,-0.07660211048756667
IGTB498,1,60,CD8 T,0.7687876146825028,0.0817317567030241,-0.06886493148137983
IGTB498,1,300,CD8 T,-0.21290364816161444,0.022559934612989125,-0.018672824065842683
IGTB498,2,60,CD8 T,0.9024227433943851,0.18066970519316616,-0.12305763369407463
IGTB498,2,300,CD8 T,-0.5335215008989445,-0.033850315231979754,-0.03790670938163489
IGTB508,0,60,CD8 T,0.4724198800408777,0.028308976537754816,-0.10462059391275619
IGTB508,0,300,CD8 T,-0.539022709809018,0.006369743560944036,0.08230428336144902
IGTB508,1,60,CD8 T,0.3551628105518112,0.12468544324674243,-0.1605046784177254
IGTB508,1,300,CD8 T,0.03824325419819539,0.030471215079274572,-0.3769349803633215
IGTB508,2,60,CD8 T,0.4041869812361058,0.36353190758620096,-0.21224037048957264
IGTB508,2,300,CD8 T,-0.003694951160892017,0.013574512010424797,-0.1687439057882917
IGTB514,0,60,CD8 T,0.10489667513246971,-0.12204333304923122,0.036093966040682
IGTB514,0,300,CD8 T,0.47778648925247125,0.03097300184886212,-0.13223001445869204
IGTB514,1,60,CD8 T,-0.024157437108614347,0.09661389874368909,-0.14029602910365857
IGTB514,1,300,CD8 T,1.0879346232744194,-0.03878963555833901,0.11486824299079869
IGTB514,2,60,CD8 T,0.9356844553321944,0.0685599776442965,-0.21839982555959936
IGTB514,2,300,CD8 T,0.7200592928226124,-0.09105922934191825,-0.15693859799156287
IGTB826,0,60,CD8 T,0.24862927247693756,0.031137162203169626,-0.03039959532463464
IGTB826,0,300,CD8 T,-2.5706673410194276,-0.047124588754727775,-0.12915541231485023
IGTB826,1,60,CD8 T,0.9036836805792285,-0.05098870327733306,-0.23764602220712314
IGTB826,1,300,CD8 T,-1.3804692593816899,0.009982895002473626,-0.2530554141024733
IGTB826,2,60,CD8 T,-0.26341852537378296,0.12795834327601394,-0.46858338728401855
IGTB826,2,300,CD8 T,-1.824816740256191,0.007162257732080047,0.09776481620461752
HC-014,0,60,FCGR3A Mono,-1.2023689237197337,0.7028492776511223,-0.04848970711182627
HC-014,0,300,FCGR3A Mono,0.40035067722864287,0.2706929272159165,-0.11831372070512047
HC-014,1,60,FCGR3A Mono,-0.7626107858786865,-0.1084683534343822,-0.04018721104109009
HC-014,1,300,FCGR3A Mono,0.1862529454662402,-0.13105433621031884,-0.08181509623723653
HC-014,2,60,FCGR3A Mono,-0.07044672213164622,-0.33544864911217914,-0.023253933285948394
HC-014,2,300,FCGR3A Mono,-0.08802115048905769,0.05562783586610336,-0.07672836755592961
HC-502,0,60,FCGR3A Mono,0.5923658042822997,-0.012518704845790424,0.010253554707065755
HC-502,0,300,FCGR3A Mono,-0.12630969422884264,0.12648379617357308,-0.0007813590221290072
HC-502,1,60,FCGR3A Mono,0.8443920661319662,0.12954227145808928,-0.008986112180349122
HC-502,1,300,FCGR3A Mono,0.09236169790274974,0.08577700939113869,-0.005416671802457766
HC-502,2,60,FCGR3A Mono,0.3875989127198363,0.560088962962987,-0.04218889021665634
HC-502,2,300,FCGR3A Mono,0.13466465591830157,0.06407043492209598,-0.03659918475080577
HC-572,0,60,FCGR3A Mono,-1.8252556630723895,0.8032576949322191,0.2039417755107803
HC-572,0,300,FCGR3A Mono,0.3511444868674363,0.22575085686250476,-0.061534814326304345
HC-572,1,60,FCGR3A Mono,-0.9075812621220654,-0.13188992973840333,0.21586437902285938
HC-572,1,300,FCGR3A Mono,-0.08257792631862126,-0.16736234756869842,0.030246880587394883
HC-572,2,60,FCGR3A Mono,-1.0451177551400017,-0.18306449278180684,-0.05505239526807673
HC-572,2,300,FCGR3A Mono,-0.21770078970286866,0.025835571185511063,-0.045938915856916285
IGTB1506,0,60,FCGR3A Mono,0.8241767282772433,-0.17980098358309862,0.09727495312951812
IGTB1506,0,300,FCGR3A Mono,-0.0966720140241385,0.12782368892257576,0.012901462940042477
IGTB1506,1,60,FCGR3A Mono,1.1512987417210723,0.014405711190503379,0.12898852258946553
IGTB1506,1,300,FCGR3A Mono,0.1682980476390481,0.05279839946450799,0.07813265832605303
IGTB1506,2,60,FCGR3A Mono,0.7623016122629277,0.38465006834898724,0.04381676826729352
IGTB1506,2,300,FCGR3A Mono,0.24830936530629696,0.05265378986671591,-0.005064721980096344
IGTB1650,0,60,FCGR3A Mono,1.258232474497263,0.053050888830633636,-0.00688891439340536
IGTB1650,0,300,FCGR3A Mono,-0.02251822774710795,0.04148816882282083,-0.09353006788819583
IGTB1650,1,60,FCGR3A Mono,0.8159489662613392,0.11635752668189192,0.14922702815054836
IGTB1650,1,300,FCGR3A Mono,0.30759677384751655,-0.290788123184931,-0.06929595951656652
IGTB1650,2,60,FCGR3A Mono,0.3812359239579632,0.3767855427913917,-0.03493784736174548
IGTB1650,2,300,FCGR3A Mono,0.2854670035029609,0.1024636352700465,0.14348167378314622
IGTB1913,0,60,FCGR3A Mono,1.2219234405222876,-0.45587372691728584,0.0069620099360722665
IGTB1913,0,300,FCGR3A Mono,0.18027816523082607,-0.10998513619853802,0.04016938907084838
IGTB1913,1,60,FCGR3A Mono,1.0425270909159179,0.08250587903386077,0.0007499658202548717
IGTB1913,1,300,FCGR3A Mono,0.26877403744367007,0.0904932177700094,0.010349099691635577
IGTB1913,2,60,FCGR3A Mono,1.2416551318623141,0.03399536068295394,0.010057600329775242
IGTB1913,2,300,FCGR3A Mono,0.21504660820244412,-0.01326561835036987,0.05427312072796325
IGTB1921,0,60,FCGR3A Mono,1.2747141148716903,-0.19290237412232805,-0.00565330655973242
IGTB1921,0,300,FCGR3A Mono,-0.10261510722731787,-0.010163848899447403,0.010254033621129024
IGTB1921,1,60,FCGR3A Mono,1.1093503501011421,0.05596684509425629,0.06706619432985368
IGTB1921,1,300,FCGR3A Mono,0.17745863319107782,0.06311160387286642,-0.014033078663602096
IGTB1921,2,60,FCGR3A Mono,0.9804854256244089,0.2773859637868697,0.05065133113769249
IGTB1921,2,300,FCGR3A Mono,-0.046497752655223025,0.13197695555949104,-0.01833868770484865
IGTB195,0,60,FCGR3A Mono,0.3481615980372765,0.010921857712034423,0.059385250813276926
IGTB195,0,300,FCGR3A Mono,0.07423525571426401,0.2935910771864106,-0.06258156434887793
IGTB195,1,60,FCGR3A Mono,0.9619434084420068,-0.14923878957201436,0.04995386216177358
IGTB195,1,300,FCGR3A Mono,0.19641674755751312,0.13400117029490555,0.031577858362033924
IGTB195,2,60,FCGR3A Mono,0.7384477112276436,0.4147050127847163,0.05801947788896981
IGTB195,2,300,FCGR3A Mono,0.18783936756197187,0.056348813957639084,0.03857957552307905
IGTB1966,0,60,FCGR3A Mono,0.48736340806575035,-0.5876019370527882,0.062356842309943754
IGTB1966,0,300,FCGR3A Mono,-0.17467556883609847,-0.03667878142623669,0.02195250386831664
IGTB1966,1,60,FCGR3A Mono,0.4875090963478555,0.21786657212743776,0.11845222085977562
IGTB1966,1,300,FCGR3A Mono,0.0005010594544757968,0.11988080726295587,-0.0068464971997681335
IGTB1966,2,60,FCGR3A Mono,0.731357354384139,0.24351509419744602,-0.03570807568053525
IGTB1966,2,300,FCGR3A Mono,-0.13923258743563752,-0.014578151327343294,0.031511949666265006
IGTB256,0,60,FCGR3A Mono,0.06916495723280995,-0.31135091035274465,0.050053397499384374
IGTB256,0,300,FCGR3A Mono,-0.08817726838453133,-0.028759154524680506,0.10865198263532595
IGTB256,1,60,FCGR3A Mono,0.5009851205473104,0.27550667334789797,-0.016007961875324894
IGTB256,1,300,FCGR3A Mono,0.01249947698977791,-0.2446686449266466,-0.0035006251217930165
IGTB256,2,60,FCGR3A Mono,0.620481231151233,-0.14428766748046168,0.009314498881831461
IGTB256,2,300,FCGR3A Mono,-0.20961339738942017,0.09325698649163477,-0.009996275177343654
IGTB498,0,60,FCGR3A Mono,0.6904542274845977,0.02457121217990509,-0.010333920260326172
IGTB498,0,300,FCGR3A Mono,-0.01208599513231282,0.016838371182617957,0.02557905574066149
IGTB498,1,60,FCGR3A Mono,0.9226069137905292,0.1310160780614029,0.05087017646423598
IGTB498,1,300,FCGR3A Mono,-0.013502137641270036,-0.040963759947264276,-0.0021466921861725426
IGTB498,2,60,FCGR3A Mono,0.657203521010733,0.19227494734995673,-0.01848950699728671
IGTB498,2,300,FCGR3A Mono,0.11883779417416035,-0.027710855388836147,-0.04908802633876275
IGTB508,0,60,FCGR3A Mono,0.07586114798970488,-0.09482806396723854,0.06001496221832584
IGTB508,0,300,FCGR3A Mono,0.28395701921031363,0.019487223312203303,0.010049912299672465
IGTB508,1,60,FCGR3A Mono,0.23213819296090413,0.20619989749129677,-0.017906157907633103
IGTB508,1,300,FCGR3A Mono,0.15685487711972812,-0.2701670456177135,0.0011288051967311967
IGTB508,2,60,FCGR3A Mono,0.36027475676229953,-0.3551311046108058,-0.08300956948281911
IGTB508,2,300,FCGR3A Mono,0.04485760211484918,0.04701540217289269,0.02133088033370374
IGTB514,0,60,FCGR3A Mono,1.1887392990120345,-0.24231131890065727,-0.0032059959740419076
IGTB514,0,300,FCGR3A Mono,-0.17033148741570106,-0.09271844380486209,0.034197761503758965
IGTB514,1,60,FCGR3A Mono,1.1690230308835095,0.2168533615872267,-0.002890297345126872
IGTB514,1,300,FCGR3A Mono,-0.055528471597415606,-0.08912304157239903,-0.02937836563384072
IGTB514,2,60,FCGR3A Mono,0.7197625822353119,0.162655978943076,-0.09591025691062033
IGTB514,2,300,FCGR3A Mono,0.08752691874530744,0.08790109523428224,-0.02224611956415917
IGTB826,0,60,FCGR3A Mono,1.05311729984618,-0.058055821540712364,0.023895677194933667
IGTB826,0,300,FCGR3A Mono,-0.08784987387704073,-0.03829836962046286,-0.051505540042010724
IGTB826,1,60,FCGR3A Mono,1.330578966794323,0.11182706019501289,0.04558457443657927
IGTB826,1,300,FCGR3A Mono,0.12201315440307191,-0.14455966851131066,-0.045776118473913725
IGTB826,2,60,FCGR3A Mono,0.5730202697142224,0.4230068923141998,-0.07929641433356609
IGTB826,2,300,FCGR3A Mono,0.10943067162661402,0.175809835327849,-0.010506383768555548
HC-014,0,60,NK,-0.9076616267495914,-0.21559263611257617,-0.37873751564933533
HC-014,0,300,NK,-0.5082419455557076,-0.5151185842263906,-0.15966133177156
HC-014,1,60,NK,-1.348783609242474,-0.10096885022965535,-0.32735937472553506
HC-014,1,300,NK,-0.40320009552483205,-0.021167944377707016,-0.22292546786188136
HC-014,2,60,NK,-2.2507153127202018,-0.005660427020963334,-0.24722650701354146
HC-014,2,300,NK,-0.7045509504503116,-0.02143287244942486,0.12212697247608201
HC-502,0,60,NK,0.7062415508808523,-0.09787439362728244,-0.27318888161962657
HC-502,0,300,NK,0.3421511212793329,-0.290450522601331,-0.30393512732925754
HC-502,1,60,NK,0.7657805379584314,0.15685097249684135,-0.10959552550809919
HC-502,1,300,NK,-0.4973640454502808,-0.023524020590291055,-0.2398441166596332
HC-502,2,60,NK,0.33049297580195425,0.005488998255632211,-0.06931713790847009
HC-502,2,300,NK,0.19315638017757983,0.13360776701692859,-0.21975109065185325
HC-572,0,60,NK,1.5131892025102303,-0.11395047697357012,-0.17593129254190032
HC-572,0,300,NK,-0.15907941012607926,-0.1100042431125511,-0.35882624523257084
HC-572,1,60,NK,0.800905356137566,0.21462665804620565,-0.28435861313485716
HC-572,1,300,NK,0.41862257933316877,0.054933646793028146,-0.22097532727973446
HC-572,2,60,NK,0.7905006907882745,-0.036878557701159616,-0.23653526812739326
HC-572,2,300,NK,0.5190025565137645,-0.09537425910518603,-0.04350594183831726
IGTB1506,0,60,NK,1.9400824489811643,-0.0742112369032549,-0.17662221078866858
IGTB1506,0,300,NK,-0.27864323393633067,-0.07587075005191384,-0.03891871400363207
IGTB1506,1,60,NK,1.2018428857409131,0.13429442269883046,-0.15211957253184794
IGTB1506,1,300,NK,-0.3980530995316223,-0.0680107776223582,-0.05793017607603507
IGTB1506,2,60,NK,1.047153047377335,-0.018268128638721026,-0.054846952743964776
IGTB1506,2,300,NK,-0.14095450964199122,0.22025380419226404,-0.03864250181454553
IGTB1650,0,60,NK,1.4595596523775882,-0.10875805107886949,-0.1018856995310684
IGTB1650,0,300,NK,0.22812704348908286,0.2240361436311962,-0.0012832879512428771
IGTB1650,1,60,NK,1.2339059707197464,0.10165913747738596,-0.041018634165561445
IGTB1650,1,300,NK,0.00955973622186907,0.12792092921150822,-0.10821417560600316
IGTB1650,2,60,NK,2.189608257640535,-0.08135742837177791,-0.16548344226143513
IGTB1650,2,300,NK,0.4631911508110618,-0.054015261584919864,0.1645207746772693
IGTB1913,0,60,NK,1.5962519952610632,-0.08894404156627445,-0.025039085559749957
IGTB1913,0,300,NK,0.7408275661665183,0.13770050332862696,-0.03810459102342092
IGTB1913,1,60,NK,1.576900095877866,0.12836989666898854,0.05667474507619441
IGTB1913,1,300,NK,0.18182071257379354,0.16994475131843334,-0.006642747133435098
IGTB1913,2,60,NK,1.7485744018606477,0.08271088029730604,-0.082800036524302
IGTB1913,2,300,NK,0.5304872832633292,-0.056892864221371735,-0.01290601139579337
IGTB1921,0,60,NK,1.4942172857017353,-0.09554808163252626,-0.1585679627056222
IGTB1921,0,300,NK,0.6330404961773287,0.1199823103175802,-0.036217062361931986
IGTB1921,1,60,NK,1.2335726109169547,0.1132730683924958,0.0907768822299096
IGTB1921,1,300,NK,0.2152468297365168,0.10142798961325987,0.021730382004192816
IGTB1921,2,60,NK,1.241787111329913,0.1124578266836382,-0.03877586585190046
IGTB1921,2,300,NK,0.8508562369972718,0.04603299228356363,-0.016865441182302484
IGTB195,0,60,NK,0.6621881673544342,0.04015132131169039,-0.26108720531803337
IGTB195,0,300,NK,0.4456614120843467,-0.08097180459152155,-0.10192829716673464
IGTB195,1,60,NK,1.539019140249567,0.1754684962390998,-0.04113096698243302
IGTB195,1,300,NK,-0.3260021727417068,-0.08591830952069694,-0.14585882855372181
IGTB195,2,60,NK,0.7625657863502305,-0.058903914668295525,0.03898944323670761
IGTB195,2,300,NK,-0.1568595204289874,0.05213659502233023,-0.10058777970642274
IGTB1966,0,60,NK,0.5135478725721115,-0.04751013580524272,-0.1748294346191953
IGTB1966,0,300,NK,0.001014626828215166,0.20249208772070593,0.09611033652035633
IGTB1966,1,60,NK,0.03793766043743251,0.2117675045050187,-0.23868947915633856
IGTB1966,1,300,NK,0.24018695564404025,0.051339627963073724,0.14000340912416262
IGTB1966,2,60,NK,0.13561188383812864,-0.059695701375638476,-0.0029567608033835547
IGTB1966,2,300,NK,1.3980382325891714,-0.053230387785632466,0.03569706056219561
IGTB256,0,60,NK,1.0655667056232934,0.07042760291668441,-0.2475961769776689
IGTB256,0,300,NK,0.8087169987916295,-0.20632038607979383,-0.07550099167353093
IGTB256,1,60,NK,1.1968653833343559,0.07671858712231218,0.013010442007688734
IGTB256,1,300,NK,-0.14790257189255504,0.04409662806012124,-0.11852208701831092
IGTB256,2,60,NK,1.113109513184561,0.030514061125593236,-0.11985031122805194
IGTB256,2,300,NK,-0.23798014822362892,-0.0022549845571866074,0.05566760264319747
IGTB498,0,60,NK,0.33123842492808464,-0.034303873939792194,-0.02633928100837024
IGTB498,0,300,NK,0.7040569787448949,0.1812247744951706,-0.026784471634979448
IGTB498,1,60,NK,0.3303300996226359,0.10470211629969244,-0.13237521119495196
IGTB498,1,300,NK,-0.11340725351681102,0.18714821866413786,0.04081999541854094
IGTB498,2,60,NK,0.4569549864298088,0.0034567256597629373,-0.05333114910931228
IGTB498,2,300,NK,0.9515380983817141,-0.06135686792834308,-0.03705714519251177
IGTB508,0,60,NK,0.9058316622004018,-0.07263046858579313,-0.09945879783095979
IGTB508,0,300,NK,0.641909204539612,0.10231223737959387,0.04079011993038724
IGTB508,1,60,NK,1.1356213824546175,0.07454778649329691,0.028049389840553395
IGTB508,1,300,NK,0.3803038338545448,0.12866942777530538,-0.09534154248526554
IGTB508,2,60,NK,1.0118652301444193,0.09081295559346814,0.04044450462915999
IGTB508,2,300,NK,0.9479610275901472,-0.10107084223063965,-0.02240453268382095
IGTB514,0,60,NK,0.5040139083131739,-0.11767562497348256,-0.07982929117220382
IGTB514,0,300,NK,0.051889591293099474,0.1545041977929383,-0.01174619580268114
IGTB514,1,60,NK,0.36393877444239453,0.16866467049247566,-0.041875605151584734
IGTB514,1,300,NK,0.0010541195812403443,-0.016619577870464836,0.02053920991946064
IGTB514,2,60,NK,0.6758428486282843,-0.11396976747921463,-0.0782849908385238
IGTB514,2,300,NK,0.7525458557290654,-0.08730025213262936,0.021275345073972617
IGTB826,0,60,NK,1.6516718213906632,-0.10119434310730739,-0.08500074629979204
IGTB826,0,300,NK,-0.7752676269285773,-0.19309114815111436,-0.0794593172826761
IGTB826,1,60,NK,1.8966076661813116,0.1325372361352783,-0.13696720493646591
IGTB826,1,300,NK,-0.5609305914920154,0.0013471445616598373,0.01356765255479681
IGTB826,2,60,NK,1.5119454819339817,0.04635321154226028,0.0019024282436764176
IGTB826,2,300,NK,-0.5494634870894624,0.07747526665958976,0.017760616533982594
