held_out,block,budget,Theta,S,Sigma,common_effect,original_effect,support_effect
HC-014,0,60,-0.4734924976745012,0.10845970543602353,-0.13826473623160868,-0.5032975284700864,-0.4684818438164205,-0.03481568465366581
HC-014,0,300,-0.37682065118275737,-0.05596567086770157,-0.044872949549191465,-0.4776592715996504,-0.4677954068328747,-0.009863864766775704
HC-014,1,60,-0.5198985571092072,0.032943936599764585,-0.2731866595863308,-0.7601412800957735,-0.7436793702543475,-0.01646190984142593
HC-014,1,300,0.2593684604937538,-0.08823159311342522,-0.07491086648990664,0.09622600089042195,0.08353983461445995,0.01268616627596203
HC-014,2,60,-0.5384918782095237,-0.0282030149366324,-0.15724361328768832,-0.7239385064338445,-0.7129045092854951,-0.011033997148349359
HC-014,2,300,-0.4716690654105084,0.0054366766758276175,-0.02545463523486383,-0.4916870239695446,-0.48761597004583757,-0.004071053923707088
HC-502,0,60,1.0015375305006537,0.03041780494026879,-0.029956124204241374,1.0019992112366811,0.9869836140701066,0.015015597166574579
HC-502,0,300,-0.18903763831591378,0.00013968114062602103,-0.08605602887603762,-0.2749539860513253,-0.26263993721738566,-0.012314048833939684
HC-502,1,60,0.9855537004062636,0.12736872943477962,-0.11905210952434882,0.9938703203166944,0.9949766594227459,-0.001106339106051508
HC-502,1,300,-0.04754669562364463,-0.03679379557735344,-0.23181373936884722,-0.3161542305698453,-0.32527973906336505,0.009125508493519745
HC-502,2,60,0.8453959145164992,0.1380541737151485,-0.12246332612338134,0.8609867621082663,0.856418902430253,0.00456785967801333
HC-502,2,300,0.33295343919393355,0.047342427701465024,-0.2803962717861337,0.09989959510926484,0.10360099090296666,-0.0037013957937018067
HC-572,0,60,-0.11622352902438153,0.12421564124451041,-0.05855446879871203,-0.05056235657858312,-0.039254834573970235,-0.011307522004612885
HC-572,0,300,-0.23548490948533982,0.010547934621309355,-0.09624913404176745,-0.3211861089057979,-0.3094383016280433,-0.011747807277754624
HC-572,1,60,0.044237049106720654,0.05931832630638662,-0.19132084538155544,-0.08776546996844821,-0.07064248573916547,-0.01712298422928275
HC-572,1,300,0.3296903534652773,-0.0903369733694479,-0.0840487861019656,0.1553045939938638,0.14936644705519098,0.0059381469386727975
HC-572,2,60,0.10008416300011684,-0.05502895026436139,-0.17334986654855203,-0.12829465381279662,-0.12031360725407192,-0.007981046558724688
HC-572,2,300,-0.6566081104276366,-0.031022273411345253,-0.05094039362745783,-0.7385707774664395,-0.7253682887077645,-0.013202488758675001
IGTB1506,0,60,1.0292891990727302,0.026170734676679578,-0.06872551456183558,0.9867344191875742,0.9835232847830947,0.003211134404479498
IGTB1506,0,300,-0.5589515129157535,0.03904828969757531,-0.11740402953814376,-0.637307252756322,-0.6454516564964282,0.008144403740106216
IGTB1506,1,60,0.9737070668130273,-0.030200357503720448,-0.04915431192162145,0.8943523973876855,0.8906015508150736,0.003750846572611951
IGTB1506,1,300,-0.42863103225609445,-0.029618413399971122,-0.1591338131185149,-0.6173832587745804,-0.6057346751491882,-0.011648583625392289
IGTB1506,2,60,0.9119614725584672,0.16821076310208205,-0.14263375724604765,0.9375384784145014,0.9248669361939589,0.01267154222054273
IGTB1506,2,300,-0.6097416567104,0.06326556453989572,-0.09319257076154674,-0.639668662932051,-0.642873271199428,0.0032046082673769863
IGTB1650,0,60,1.5170298559964965,-0.11164987623980949,-0.07098317877289043,1.3343968009837965,1.3300182215750163,0.004378579408780049
IGTB1650,0,300,-0.004057715138698727,0.03097339661003258,-0.06705774502787586,-0.04014206355654202,0.012178879833275763,-0.05232094338981778
IGTB1650,1,60,1.3145315151279677,0.04380123907378373,-0.02825751974120976,1.3300752344605418,1.3127746752459126,0.017300559214629075
IGTB1650,1,300,0.5518205058825821,0.00044547332088255436,-0.11046978800755865,0.4417961911959061,0.44045946385706497,0.0013367273388411015
IGTB1650,2,60,1.209921128473346,0.109925851930142,-0.18857908922873942,1.1312678911747487,1.147606459334041,-0.016338568159292518
IGTB1650,2,300,0.23209043916751823,-0.0433360066817128,-0.01963817189354093,0.16911626059226448,0.15124884698122648,0.017867413611038
IGTB1913,0,60,1.4116440162332033,-0.17627300332357212,-0.03810533660850719,1.197265676301124,1.182904387160508,0.014361289140616004
IGTB1913,0,300,0.3750457648413399,-0.03160707315771925,-0.0016157395200429258,0.3418229521635778,0.3518055040973274,-0.009982551933749681
IGTB1913,1,60,1.2743174860946567,0.05662701576401474,-0.07242740024176372,1.2585171016169079,1.2565705605754072,0.0019465410415007965
IGTB1913,1,300,0.29719013088044305,0.09275936190234307,-0.07427893963958358,0.3156705531432025,0.3563213795580185,-0.040650826414816064
IGTB1913,2,60,1.4804783161652548,0.06615873386922239,-0.07170983441651639,1.474927215617961,1.4467957044504898,0.02813151116747094
IGTB1913,2,300,0.5114452938502377,-0.02785804940576277,-0.014537603542340745,0.4690496409021343,0.4870450106015543,-0.01799536969942006
IGTB1921,0,60,1.2821415600937724,-0.06218684512762021,-0.1033430312515398,1.1166116837146125,1.102237783879593,0.014373899835019513
IGTB1921,0,300,-0.16433962071979594,0.01792862888850574,-0.10190994883900888,-0.24832094067029908,-0.20563909529913157,-0.042681845371167516
IGTB1921,1,60,1.1220578951160156,0.04983720078357543,-0.014362474076219855,1.1575326218233712,1.156587797155095,0.0009448246682762252
IGTB1921,1,300,-0.22530076155267187,0.051236939677937576,-0.13770160282861316,-0.31176542470334745,-0.2985449132326081,-0.013220511470739313
IGTB1921,2,60,1.1171859913223092,0.09599875437190064,-0.09360478095207324,1.1195799647421367,1.1083071823887864,0.011272782353350152
IGTB1921,2,300,-0.41941874939027984,0.048425630330748266,-0.08152666236699575,-0.4525197814265273,-0.430441046733628,-0.022078734692899313
IGTB195,0,60,0.5380306429374548,-0.07853359303868881,-0.11407167798268118,0.34542537191608486,0.33625222306329267,0.009173148852792183
IGTB195,0,300,-0.19615106144787095,0.08609383373658468,-0.10324409571791578,-0.21330132342920208,-0.20572175335644408,-0.007579570072758002
IGTB195,1,60,0.9953646462423871,0.07099130322993866,-0.03683086235352742,1.0295250871187982,1.0182381454090987,0.01128694170969955
IGTB195,1,300,-0.18807924942379892,-0.07808841337538631,-0.161675652316877,-0.42784331511606216,-0.4255113460964282,-0.002331969019633976
IGTB195,2,60,0.7404256602129865,0.19055909211542446,-0.084806754081286,0.8461779982471249,0.8833391227729931,-0.03716112452586829
IGTB195,2,300,0.06296168220972341,0.028737439548194913,-0.19994958965616783,-0.10825046789824953,-0.09119098072442378,-0.017059487173825744
IGTB1966,0,60,0.34961766119178844,-0.24155074173483418,-0.08792091716392948,0.0201460022930248,0.03553188698835566,-0.01538588469533086
IGTB1966,0,300,0.2229365339762709,0.0292337570397945,0.018167369511489735,0.2703376605275551,0.2715343208981918,-0.0011966603706367134
IGTB1966,1,60,0.6725681472884623,0.20962530899286705,-0.07835616471890351,0.8038372915624258,0.788732207042247,0.015105084520178641
IGTB1966,1,300,-0.1381667305549799,0.08817546938220817,0.01504429800922714,-0.0349469631635446,-0.05261105424000878,0.017664091076464175
IGTB1966,2,60,0.6592681253485161,0.06472023027366304,-0.03686130726716889,0.6871270483550102,0.6846623175443883,0.0024647308106218783
IGTB1966,2,300,0.4372440396993505,-0.04108645219260049,-0.004161526992649052,0.391996060514101,0.38292930940024505,0.009066751113855886
IGTB256,0,60,0.7394779100845587,-0.05330244154764784,-0.09019072030381926,0.5959847482330914,0.5926421669179239,0.0033425813151675018
IGTB256,0,300,-0.22191846247329702,-0.04945107228555881,-0.012582278063702268,-0.2839518128225581,-0.28254519602412864,-0.0014066167984294782
IGTB256,1,60,1.0722717441112615,0.2251341013531826,-0.044694301024929724,1.2527115444395143,1.2411618476561976,0.011549696783316693
IGTB256,1,300,-0.11951340138739747,-0.04460304275640359,-0.07695347075795243,-0.24106991490175353,-0.23750912545530836,-0.0035607894464451534
IGTB256,2,60,0.8823206263947462,0.012503758585231005,-0.07147052704321076,0.8233538579367664,0.8160361068862013,0.007317751050565087
IGTB256,2,300,0.1415040187520147,-0.028509273437797106,-0.04288341023653378,0.07011133507768383,0.08896927975389986,-0.018857944676216053
IGTB498,0,60,0.7542967262142933,0.029860486415658458,-0.05631964663157322,0.7278375659983786,0.7036273075575298,0.024210258440848842
IGTB498,0,300,-0.36171984632112664,-0.006253603643404843,-0.017491867207698134,-0.3854653171722296,-0.37110111149286934,-0.014364205679360233
IGTB498,1,60,0.9105229721184852,0.04733769630215814,-0.023742931089938038,0.9341177373307054,0.9411565275932748,-0.007038790262569576
IGTB498,1,300,-0.3315487327139781,0.07397500709330988,-0.02209192722241711,-0.27966565284308537,-0.26618472037478474,-0.013480932468300622
IGTB498,2,60,0.9890483643151385,0.17479460592632404,-0.08291053596526424,1.0809324342761983,1.0785623518450809,0.0023700824311174867
IGTB498,2,300,0.051169274023097205,-0.052665709237118045,-0.03014218525041087,-0.03163862046443169,-0.025512196054023096,-0.0061264244104085866
IGTB508,0,60,0.8270623304783968,0.0019263309166121015,-0.02525468502092207,0.8037339763740868,0.8001296600695227,0.003604316304564132
IGTB508,0,300,0.12840188422319848,0.006992166943857685,0.023929259441182498,0.15932331060823865,0.16470832688808704,-0.0053850162798483965
IGTB508,1,60,0.9884870523880016,0.14095751945185284,-0.06643927751260247,1.063005294327252,1.0634585644013126,-0.00045327007406055497
IGTB508,1,300,-0.07011959657469569,-0.025884900169262436,-0.11306703766262322,-0.20907153440658136,-0.19354470218259393,-0.015526832223987395
IGTB508,2,60,1.0210531718717404,0.04015951707599715,-0.07058817734619222,0.9906245116015452,0.9822376447237674,0.008386866877777878
IGTB508,2,300,0.08144402569004129,0.004956680420817897,-0.06574678970598948,0.020653916404869726,0.04573374395155989,-0.025079827546690164
IGTB514,0,60,0.8580796923556249,-0.09244915485714895,-0.032454982715138796,0.7331755547833372,0.7296362832941541,0.0035392714891829846
IGTB514,0,300,0.16070024198359203,-0.003175991693652717,0.004971574822380766,0.1624958251123201,0.1218058388259844,0.04068998628633569
IGTB514,1,60,0.9857090440854713,0.14597334659058495,-0.07191197776999894,1.0597704129060574,1.0558323864261878,0.003938026479869593
IGTB514,1,300,0.32843560952806666,-0.01744594513698337,0.010829615994817576,0.32181928038590085,0.30405132693481157,0.017767953451089235
IGTB514,2,60,1.0841773857769905,0.041559885751518734,-0.11516614198329939,1.01057112954521,0.9728000772987565,0.03777105224645346
IGTB514,2,300,0.4474434001866087,-0.028485975094896653,-0.054715034272941616,0.3642423908187704,0.3749037288227391,-0.010661338003968656
IGTB826,0,60,0.680394279153515,0.09659978935808562,-0.07157218510636587,0.7054218834052347,0.7046678563886902,0.0007540270165445062
IGTB826,0,300,-0.8879938343035674,-0.03328036911954913,-0.09448763896941648,-1.015761842392533,-0.9998202952044926,-0.015941547188040302
IGTB826,1,60,0.9839105655898588,-0.05159251858363115,-0.07854819747018918,0.8537698495360385,0.8616033277393068,-0.007833478203268315
IGTB826,1,300,-0.5268498612582682,-0.033195945923837365,-0.11035110088557282,-0.6703969080676783,-0.6842144636776905,0.013817555610012112
IGTB826,2,60,0.7038696164349467,0.14339296168297733,-0.18056186768462557,0.6667007104332985,0.6805761938692824,-0.013875483435983936
IGTB826,2,300,-0.6148527625820279,0.05572886745908006,-0.012896754738912011,-0.5720206498618599,-0.5685486085110206,-0.0034720413508391814
