method,budget,allocation,mae_pp,rmse_pp,ae_alpha_pp,ae_beta_pp,ae_delta_pp,ae_ductal_pp
nnls,24,10:1:1,7.446657480682571,9.00954488579838,7.590275043133973,8.552648539894339,4.625769727466611,9.017936612235365
nnls,24,balanced,6.580055589828451,7.961089110722778,7.201788728362658,7.84307765021878,3.9834147711611347,7.29194120957123
nnls,60,10:1:1,6.649657256515798,8.04999707224155,7.062760901596245,7.9272401053711485,3.9910144741221307,7.617613544973675
nnls,60,balanced,6.1997292230993075,7.523694864681851,6.64494423960407,7.670440862629737,3.633873028676129,6.849658761487295
nnls,120,10:1:1,6.251727049568121,7.580377683191524,6.793827043273538,7.59398646375799,3.7236515411476705,6.8954431500932865
nnls,120,balanced,6.040874791605471,7.332653833888426,6.551103703931854,7.404553445540102,3.518305300026677,6.689536716923249
weighted,24,10:1:1,5.34154929355687,6.321020359841569,6.305993453410515,6.035768100875778,3.842943528382525,5.181492091558665
weighted,24,balanced,4.581448589465006,5.421426075918621,6.229929276355054,5.261236242691783,3.1502211491406222,3.6844076896725606
weighted,60,10:1:1,4.6328919737423035,5.502910815882261,6.100844927121084,5.345490820730648,3.1107373164139425,3.9744948307035384
weighted,60,balanced,4.656759794794257,5.51761728272469,6.328644400991522,5.511276758452905,2.979820606337519,3.8072974133950805
weighted,120,10:1:1,4.563972421909331,5.403838910864424,6.308859709662813,5.3255103956805065,2.999167691538321,3.6223518907556858
weighted,120,balanced,4.570214114883154,5.423398296675971,6.344866968294,5.351088463911789,2.850028573482934,3.734872453843891
