method,held_out,budget,dominant,delta_mae_pp,delta_rmse_pp,delta_ae_alpha_pp,delta_ae_beta_pp,delta_ae_delta_pp,delta_ae_ductal_pp
nnls,human1,24,human2,1.145384883393594,1.3428976719739245,0.19790163582701026,1.458889483373534,0.5096692025413753,2.415079211832465
nnls,human1,24,human3,1.6402370376265256,1.9987869016900024,-0.01733046207596582,2.4377142444462954,0.37261862690127145,3.7679457412345023
nnls,human1,24,human4,1.7983276671689417,2.1834495925220865,0.7986273880605838,1.7355700464984762,1.3075868927155758,3.3515263414011343
nnls,human1,60,human2,-0.21091484591139256,-0.2717789623758007,-0.5485899613510612,0.3213297891604871,-0.9489468946365104,0.332547683181517
nnls,human1,60,human3,0.09563992557714318,0.17779967109646233,-0.5131293059140721,0.23270629894439118,-0.6054800048364511,1.268462714114708
nnls,human1,60,human4,0.2561368642295922,0.34268637667408725,-0.6778419578304321,0.5893261758349192,0.11304494679923445,1.000018292114652
nnls,human1,120,human2,0.09737394718325343,0.115286626889324,0.17020135151169127,0.06572843238822328,0.06284228681043125,0.09072371802266914
nnls,human1,120,human3,0.400465898459429,0.5068158931816575,0.5089020288219751,-0.015646876281752653,0.6580641811352571,0.4505442601622412
nnls,human1,120,human4,0.4534167750527178,0.5417255891569214,0.0887338093423149,0.34538833876988684,0.8475516779295679,0.5319932741691044
nnls,human2,24,human1,0.5132442463701069,0.6768815622792669,-0.35859459048545256,0.09074069347312107,0.47656805228526805,1.8442628302074884
nnls,human2,24,human3,1.0227671812451191,1.2215633584010475,0.7488069914694515,0.507499782035309,0.930018547713504,1.9047434037622104
nnls,human2,24,human4,0.8393583053672412,1.0254041365670075,0.19196129898930603,0.5429576067652403,1.2245963663938257,1.3979179493205969
nnls,human2,60,human1,0.5089756840919039,0.626939492466041,0.9758152443332544,0.2098456858534,0.43539037531008346,0.4148514308708761
nnls,human2,60,human3,0.9280913366544783,1.1334929421773952,1.7430674668133168,0.8424306096502724,0.4325403744320542,0.6943268957222667
nnls,human2,60,human4,1.142634724946723,1.4009054407828618,1.700537502111433,0.9641674265064578,0.6581336504500698,1.2477003207189308
nnls,human2,120,human1,0.0679348326318913,0.05876725319257403,-0.14677128365189254,0.20360859964392017,0.15520074815085097,0.05970126638468557
nnls,human2,120,human3,0.20205320544428418,0.21155363502545277,-0.021232978390177754,0.4091315041197657,0.23455770120970912,0.18575659483784102
nnls,human2,120,human4,0.4430239586499443,0.5286468344486092,0.5144677238048493,0.34159465060673955,0.27226918949535844,0.6437642706928316
nnls,human3,24,human1,1.574336433472051,1.966534831275016,0.6925964385712287,2.4943575320524896,0.32236312326615774,2.788028639998321
nnls,human3,24,human2,0.9109443912660201,1.127678071259761,-0.35756218340095497,1.444348458769236,0.6292541670758571,1.9277371226199416
nnls,human3,24,human4,1.184228099371645,1.4604988623128834,0.7972816835644806,1.0086759465611153,0.30943775437214255,2.6215170129888374
nnls,human3,60,human1,0.48883697852126634,0.5934629288247547,-0.4195542291955008,0.3145075826466018,0.6523174266501205,1.4080771339838425
nnls,human3,60,human2,0.3322667339506992,0.3373929957864062,-0.676693456922377,-0.13391750805599134,0.997686980861057,1.141990919920102
nnls,human3,60,human4,0.3214079451871595,0.3897001803674551,-0.8250813003009511,-0.4237393900316584,0.5731762938105902,1.961276177270653
nnls,human3,120,human1,0.1101102589424859,0.10306348034849296,0.3319830596474617,-0.3123166412008887,0.026308797870309042,0.3944658194530623
nnls,human3,120,human2,0.23975628299777493,0.30985549349778957,-0.06408417908841069,0.41629651447383836,0.1808549814519876,0.4259578151536783
nnls,human3,120,human4,0.0974751495143397,0.15130835185760816,-0.33383090267516574,0.315777196991948,-0.11961498121725123,0.527569284957823
nnls,human4,24,human1,-0.535058859895103,-0.698946996545985,-0.22963045709984906,-1.4760491687659647,0.5150874833797635,-0.9496432970943562
nnls,human4,24,human2,0.16093179810226207,0.12005381234110835,0.7738786369906001,-0.6099980546260874,0.9044407635529775,-0.42459415350843505
nnls,human4,24,human3,0.14452150676104095,0.1566674968311074,1.4238993968453324,-1.1198558944760653,0.20661849546799937,0.06742402920690267
nnls,human4,60,human1,0.28193096623117,0.22140072652545842,1.0877943677603563,-0.13595018120366112,0.6541691648695886,-0.4782894865016029
nnls,human4,60,human2,0.7486072437866419,0.8120256577136407,1.3497671201318127,0.27117913670167865,0.9318562631955368,0.4416264551175438
nnls,human4,60,human3,0.5055228437325158,0.5515990406776179,1.81770845427032,0.029705286890055804,0.3918087684466436,-0.2171311346769511
nnls,human4,120,human1,0.07683495413308128,0.07915269575466015,0.5001245164401783,0.1377236369613731,0.04001602514918714,-0.3705243620184091
nnls,human4,120,human2,0.268759104253706,0.2959731414644275,0.8777770746406534,0.16315677550301677,0.20145814892915237,-0.1673555820579932
nnls,human4,120,human3,0.07302272828890095,0.07053719681965982,0.48640985169672923,0.20275408663860928,-0.09535386346263451,-0.30171916171709284
weighted,human1,24,human2,1.1537586765267454,1.3149581071829657,0.21349219750691187,1.9110039876184561,0.3339880697389563,2.1565504512426568
weighted,human1,24,human3,0.9107154615668022,1.0502800848966751,-0.5799743056672294,1.8874003952291145,0.078788003982953,2.256647752722369
weighted,human1,24,human4,1.3028335883204551,1.4898909608769413,0.7191586536204428,2.017100772350808,0.6495655707769621,1.8255093565336071
weighted,human1,60,human2,-0.510044224103515,-0.627219951196243,-0.7353075793737495,-0.18684217988702745,-1.1824977942992485,0.06447065714596238
weighted,human1,60,human3,-0.5323522304688337,-0.5994811716534564,-1.046589954224104,-0.4656026786582353,-0.8276443000053882,0.21042801101238962
weighted,human1,60,human4,-0.20364391482402242,-0.20547814337013245,-0.7090084389871985,-0.11846202304193172,-0.35690588088222924,0.36980068361526736
weighted,human1,120,human2,0.12733036343175308,0.17440342874176099,0.4077389991046881,0.14233601862542433,-0.10526262851731667,0.06450906451421608
weighted,human1,120,human3,0.3345342644304065,0.4367701642786312,0.6851476217776183,-0.0007710409451713307,0.5201939249791661,0.13356655191001096
weighted,human1,120,human4,0.38821920645498587,0.48154907995806157,0.3358954705881407,0.24844754368076108,0.5672611233035139,0.4012726882475209
weighted,human2,24,human1,0.7023843153926035,0.8836292067347418,-0.010962031773401196,0.38685017542632744,0.8774107422779244,1.5562383756395644
weighted,human2,24,human3,0.974362480058248,1.174793940773009,0.6349901116671441,0.8557007259188483,0.8854888435539009,1.5212702390930988
weighted,human2,24,human4,0.7115877951754713,0.8691250487647695,-0.03326243978459468,0.6327151425333014,1.3480436670223297,0.8988548109308492
weighted,human2,60,human1,0.04029183875387018,0.1106236944919627,0.2143259958165138,0.12838639871432597,0.19277998486199213,-0.3743250243773521
weighted,human2,60,human3,0.3981463471606353,0.5443966043746565,1.0857954603368147,0.45636176864185485,0.2010817468289879,-0.15065358716511476
weighted,human2,60,human4,0.37617937836041415,0.5372980566879185,0.6817394684613175,0.5731325965687492,0.38317974039244146,-0.13333429198085123
weighted,human2,120,human1,-0.2409367460947532,-0.30585778021926463,-0.5349191404116711,0.06709202236061568,0.09730570575745179,-0.5932255720854102
weighted,human2,120,human3,-0.014760794905366711,-0.0372708729743764,-0.09461387890686883,0.2495848322779488,0.245584950030446,-0.45959908302299723
weighted,human2,120,human4,0.06859114399983601,0.0710385239969636,-0.04632327824309542,0.19742658266460258,0.2747329756742629,-0.1514717040964261
weighted,human3,24,human1,0.5923389954428102,0.8095063722607337,-0.022133264269772024,0.9338595965041675,0.2907824544218178,1.1668471951150288
weighted,human3,24,human2,0.7202090471779302,0.9538249748066678,-0.17315498480636893,1.0091935861601333,0.5585721489917805,1.4862254383661806
weighted,human3,24,human4,0.7783173595305914,1.0046170321662828,0.4119832223615294,0.739168895215025,0.31703667708274597,1.6450806434630634
weighted,human3,60,human1,-0.34691134105778404,-0.4216678674003737,-1.3732031442501358,-0.6305418440750391,0.4950249131629894,0.12107471093104986
weighted,human3,60,human2,-0.017472262181065085,-0.008670701687812699,-1.3726692336093331,-0.42112319161133693,0.9404137336302552,0.7834896428661562
weighted,human3,60,human4,-0.2990177440195168,-0.289260600851835,-1.5066437969753583,-0.9722146630058087,0.48438766114569876,0.7983998227574016
weighted,human3,120,human1,-0.29866756217576595,-0.39500020727765023,-0.2583718579057819,-1.0303837402409546,-0.05960735857858601,0.1536927080222602
weighted,human3,120,human2,-0.11547039735877067,-0.1539313584300157,-0.45440804717579675,-0.3236349301053247,0.17868781028497213,0.13747357756106535
weighted,human3,120,human4,-0.15283068391265645,-0.13816424001708608,-0.26642883842265036,-0.1199471841354867,-0.09412834298616546,-0.13081837010632236
weighted,human4,24,human1,0.3898010204069407,0.365421911083343,-0.27481502575163447,-0.20278154609721036,0.962306679994808,1.074493973481798
weighted,human4,24,human2,0.4758194914182332,0.4592919928372495,-0.17691380343556173,-0.46670085187575944,1.4357190217552562,1.1111735992289982
weighted,human4,24,human3,0.40908021808555395,0.4197917746919992,0.20436179499806806,-0.4091285807752801,0.5749666713033924,1.2661209868160392
weighted,human4,60,human1,0.37777830608152624,0.3843442860026471,0.6578680195221203,0.3047451140697896,0.5484230739008323,7.701683335736842e-05
weighted,human4,60,human2,0.1871128891335063,0.11636835292657728,0.24026849159866503,-0.3473286349866728,0.5373183472395137,0.31819335268251836
weighted,human4,60,human3,0.24351910454134343,0.2822698395669356,1.129831025239194,-0.3099419153957743,0.15543929494124065,-0.0012519866192875668
weighted,human4,120,human1,-0.009134259805129052,-0.07151868741951262,-0.033433858122678815,0.225529769482673,0.16872222163598197,-0.397355172216494
weighted,human4,120,human2,0.02055047442848638,-0.031801036717813425,0.013064580642698628,0.06872193703808271,0.10867494274407441,-0.10825956271090971
weighted,human4,120,human3,-0.18232532417888833,-0.26492964365825983,-0.18543487649886015,-0.031338629478553814,-0.11249590766315483,-0.400031883074985
