method,contrast,mean_pp,mcse_pp,blocks,negative_blocks
weighted,I24,0.7601007040918654,0.1143157337736061,12,0
weighted,I60,-0.023867821051953453,0.07019828142691019,12,7
weighted,I120,-0.006241692973821875,0.03924204561084534,12,6
weighted,C120_60,0.01762612807813158,0.08044521699562339,12,5
weighted,C120_24,-0.7663423970656873,0.13366136106587917,12,12
nnls,I24,0.8666018908541204,0.23364628222991576,12,1
nnls,I60,0.4499280334164917,0.14769962324482175,12,3
nnls,I120,0.21085225796265075,0.08185548772652027,12,3
nnls,C120_60,-0.23907577545384098,0.16482903496438622,12,9
nnls,C120_24,-0.6557496328914697,0.27594461046829827,12,10
