method,held_out,budget,delta_mae_pp,delta_rmse_pp,delta_ae_alpha_pp,delta_ae_beta_pp,delta_ae_delta_pp,delta_ae_ductal_pp
nnls,human1,24,1.5279831960630204,1.8417113887286714,0.32639952060387606,1.877391258106102,0.7299582407194074,3.1781837648227
nnls,human1,60,0.046953981298447606,0.08290236179824963,-0.5798537416985218,0.38112075464659917,-0.4804606508912424,0.8670095631369591
nnls,human1,120,0.3170855402318001,0.3879427030759677,0.2559457298919938,0.13182329829211914,0.5228193819584187,0.3577537507846716
nnls,human2,24,0.7917899109941557,0.9746163524157738,0.19405789999110168,0.38039936075789016,0.8770609887975326,1.7156413944300986
nnls,human2,60,0.8599005818977017,1.053779291808766,1.4731400710860012,0.67214790733671,0.5086881333974025,0.7856262157706912
nnls,human2,120,0.23767066557537328,0.266322574222212,0.11548782058759301,0.31811158479014184,0.22067587961863952,0.2964073773051194
nnls,human3,24,1.2231696413699056,1.51823725494922,0.3774386462449181,1.649127312460947,0.4203516815713858,2.4457609252023667
nnls,human3,60,0.38083721921970837,0.4401853683262053,-0.6404429954729429,-0.0810497718136826,0.7410602337739225,1.5037814103915326
nnls,human3,120,0.1491138971515335,0.18807577523463023,-0.021977340705371558,0.13991902342163254,0.029182932701681805,0.4493309731881879
nnls,human4,24,-0.07653518501060003,-0.1407418957912564,0.6560491922453611,-1.0686343726227059,0.5420489141335801,-0.43560447379862954
nnls,human4,60,0.5120203512501091,0.5283418083055723,1.418423314054163,0.05497808079602443,0.6592780655039231,-0.08459805535367007
nnls,human4,120,0.1395389288918961,0.14855434467958248,0.6214371475925203,0.1678781663676664,0.048706770205235,-0.27986636859783176
weighted,human1,24,1.1224359088046674,1.2850430509855275,0.11755884848670847,1.9385017183994597,0.35411388149962375,2.079569186832878
weighted,human1,60,-0.41534678979879036,-0.47739308873994396,-0.8303019908616839,-0.2569689605290648,-0.7890159917289554,0.2148997839245398
weighted,human1,120,0.28336127810571515,0.3642408909928179,0.47626069715681574,0.13000417378700468,0.3273974732551211,0.199782768223916
weighted,human2,24,0.7961115302087742,0.9758493987575068,0.19692188003638275,0.6250886812928257,1.0369810842847182,1.3254544752211708
weighted,human2,60,0.2715391880916399,0.3974394518515126,0.660620308204882,0.38596025464164335,0.25901382402780715,-0.2194376345077727
weighted,human2,120,-0.062368799000094635,-0.09069670973222581,-0.22528543252054511,0.17136781243438903,0.20587454382072023,-0.4014321197349445
weighted,human3,24,0.696955134050444,0.9226494597445615,0.07223165776179613,0.8940740259597751,0.38879709349878144,1.4327177589814244
weighted,human3,60,-0.22113378241945533,-0.23986638998000714,-1.4175053916116092,-0.6746265662307283,0.6399421026463145,0.5676547255182025
weighted,human3,120,-0.18898954781573102,-0.22903193524158402,-0.3264029145014097,-0.491321951493922,0.008317369573406884,0.053449305159001065
weighted,human4,24,0.42490024330357595,0.4148352262041972,-0.08245567806304271,-0.35953699291608326,0.9909974576844855,1.1505961865089451
weighted,human4,60,0.26947009991879195,0.26099415949871996,0.6759891787866598,-0.11750847877088584,0.41372690536052886,0.10567279429886273
weighted,human4,120,-0.056969703185176995,-0.1227497892651953,-0.06860138465961345,0.08763769234740064,0.05496708557230052,-0.30188220600079624
