block_set,budget,cell_type,balanced_mae_pp,unequal_mae_pp,delta_mae_pp,relative_error_change_percent
original_3,60,Overall,5.289662575002408,5.91085848513828,0.6211959101358727,11.743582909645044
original_3,60,B cells,4.667680092045752,5.493389746629414,0.8257096545836629,17.689936720187063
original_3,60,CD14+ Monocytes,2.217370021981852,2.99195826287243,0.7745882408905785,34.932746145736346
original_3,60,CD4 T cells,7.777939306822921,8.202211483143222,0.4242721763203012,5.454814695559831
original_3,60,CD8 T cells,8.973634702265558,9.606625093248256,0.632990390982696,7.053890780988511
original_3,60,FCGR3A+ Monocytes,3.510193704426037,3.885880152385588,0.3756864479595505,10.702726960219994
original_3,60,NK cells,4.591157622472324,5.28508617255077,0.6939285500784459,15.11445711821951
original_3,300,Overall,5.280304081925415,5.21430944586079,-0.0659946360646252,-1.2498264312187275
original_3,300,B cells,4.566472758483174,4.620537901564573,0.054065143081398,1.1839585154857377
original_3,300,CD14+ Monocytes,2.120959895938429,2.150029731790692,0.0290698358522632,1.3705980913609455
original_3,300,CD4 T cells,8.131902892121193,7.707486577322141,-0.4244163147990532,-5.219151291271076
original_3,300,CD8 T cells,8.93966941440736,8.779298022529593,-0.1603713918777675,-1.7939297802143506
original_3,300,FCGR3A+ Monocytes,3.5940453454964123,3.5779851235717257,-0.0160602219246866,-0.4468564077749095
original_3,300,NK cells,4.32877418510592,4.450519318386014,0.1217451332800941,2.812462098369198
new_12,60,Overall,5.395739739318543,5.98711578733893,0.5913760480203871,10.960055091446556
new_12,60,B cells,4.769035651614689,5.664596692104429,0.8955610404897396,18.778661052502777
new_12,60,CD14+ Monocytes,2.3661691257828563,3.10651258440377,0.740343458620914,31.288695746799945
new_12,60,CD4 T cells,7.83281564702265,8.164745645947672,0.3319299989250215,4.237684300040844
new_12,60,CD8 T cells,9.04221880464942,9.662286868982395,0.6200680643329753,6.857476884038047
new_12,60,FCGR3A+ Monocytes,3.651893788044184,3.964548727561227,0.3126549395170433,8.561446681188652
new_12,60,NK cells,4.712305418797459,5.360004205034088,0.6476987862366285,13.7448388564321
new_12,300,Overall,5.329377963623243,5.256076300506497,-0.0733016631167458,-1.375426243307967
new_12,300,B cells,4.577105386201235,4.628914212166849,0.0518088259656146,1.1319124554528401
new_12,300,CD14+ Monocytes,2.1795515726054115,2.239516783477616,0.0599652108722047,2.7512636831310653
new_12,300,CD4 T cells,8.249303258966139,7.769669927148498,-0.4796333318176407,-5.81422838706201
new_12,300,CD8 T cells,9.049658816455343,8.783404061878672,-0.2662547545766716,-2.9421524057076085
new_12,300,FCGR3A+ Monocytes,3.598553958533841,3.610163372665693,0.0116094141318512,0.3226133126146377
new_12,300,NK cells,4.322094788977488,4.504789445701655,0.1826946567241666,4.226993290153827
combined_15,60,Overall,5.374524306455315,5.9718643268988005,0.5973400204434842,11.114286332764781
combined_15,60,B cells,4.748764539700902,5.630355303009426,0.8815907633085243,18.56463414722286
combined_15,60,CD14+ Monocytes,2.336409305022656,3.083601720097502,0.7471924150748469,31.98037319354031
combined_15,60,CD4 T cells,7.821840378982705,8.172238813386782,0.3503984344040774,4.479744119371171
combined_15,60,CD8 T cells,9.028501984172648,9.651154513835568,0.6226525296629195,6.89652093729897
combined_15,60,FCGR3A+ Monocytes,3.6235537713205535,3.9488150125261,0.3252612412055447,8.976305078729597
combined_15,60,NK cells,4.688075859532432,5.345020598537424,0.6569447390049918,14.013099589018012
combined_15,300,Overall,5.319563187283677,5.247722929577356,-0.0718402577063217,-1.3504916696554066
combined_15,300,B cells,4.574978860657623,4.627238950046395,0.0522600893887713,1.142302313966523
combined_15,300,CD14+ Monocytes,2.167833237272015,2.221619373140232,0.0537861358682164,2.4811011725191774
combined_15,300,CD4 T cells,8.225823185597148,7.757233257183226,-0.4685899284139232,-5.69657185477062
combined_15,300,CD8 T cells,9.027660936045748,8.782582854008856,-0.2450780820368907,-2.714746198080392
combined_15,300,FCGR3A+ Monocytes,3.5976522359263554,3.6037277228468994,0.0060754869205436,0.16887365765577478
combined_15,300,NK cells,4.323430668203175,4.493935420238526,0.1705047520353521,3.9437373956135207
