method,budget,level,mae_penalty_pp,rmse_penalty_pp,absolute_error_0_penalty_pp,absolute_error_1_penalty_pp,absolute_error_2_penalty_pp,absolute_error_3_penalty_pp,absolute_error_4_penalty_pp,absolute_error_5_penalty_pp
music_nnls,60,ratio10,0.16748300875928418,0.13590710038627687,0.7624313772932482,0.1685461365745255,-0.2890577470498211,-0.2123852632080029,0.18035937467652832,0.39500417426922646
music_nnls,60,ratio2,0.05121183735478837,0.052927019620066025,0.048325772562243456,0.10738497118187,-0.04168527641375166,0.030920216669608844,0.0717086759393745,0.09061666418938508
music_nnls,60,ratio4,0.06699551068395444,0.04290682843930454,0.09174527783202235,0.19065800592545437,-0.3430025597750178,-0.08694792076466618,0.0542605002591498,0.49525976062678445
music_nnls,120,ratio10,0.06604592112293033,0.032749945595435266,-0.0032950452459251417,0.296912401677029,-0.39190201186133405,0.10832594252638884,0.04427307533674675,0.34196116430467505
music_nnls,120,ratio2,0.034195338509552885,0.046741929351192334,-0.004146224436523046,0.0038622360527024733,0.15840357537214114,0.07688600704506386,0.04516132500149954,-0.07499488797756833
music_nnls,120,ratio4,-0.0020297028893596736,-0.008162846095808222,-0.033528699120813986,0.07440532961992988,-0.010820260553859944,0.11634902242871756,-0.0027534116392296743,-0.15583019807090384
music_nnls,300,ratio10,-0.030046009304967574,-0.07363360791156935,0.033381068311691076,0.03981792718601251,-0.2074731936367917,-0.04763135456309586,-0.0005411046259814567,0.0021706014983606642
music_nnls,300,ratio2,0.014928181165792923,0.01355802092749058,0.03041053407717537,-0.016829814483112427,-0.06419438322751345,0.0818993881343284,0.0016001294562376055,0.05668323303764259
music_nnls,300,ratio4,-0.011504348493546588,-0.022931918953581123,-0.00613970458857522,-0.05981084769670802,-0.03293236055873797,-0.053100741345691684,-0.0072491400452602646,0.09020670327369472
music_weighted,60,ratio10,0.6211959101358727,0.7126722714768707,0.8257096545836629,0.7745882408905784,0.42427217632030123,0.632990390982696,0.3756864479595505,0.6939285500784459
music_weighted,60,ratio2,0.06084239381811434,0.06202117712443251,0.009790244847405382,0.122661786753104,-0.02641553278817879,0.0478196454136477,0.12235590815234285,0.08884231053036519
music_weighted,60,ratio4,0.19039865101839348,0.21115217876191975,0.16033612223480373,0.30452927737274077,0.08142897338600526,0.21478364183508133,0.10430287182471651,0.2770110194570132
music_weighted,120,ratio10,0.27552909445306023,0.34408973304459983,0.14442267200160228,0.28778425178163974,0.27728919004251057,0.62347071654358,0.03025774816763238,0.28994998818139583
music_weighted,120,ratio2,0.04131732064557274,0.06250262522221457,-0.0025531601880411196,-0.005176780633450284,0.09689002596320724,0.13894233578229867,0.033516271595698824,-0.013714768646276522
music_weighted,120,ratio4,0.0667854251079762,0.10564148709730493,-0.003363874446206974,-0.011000273852818421,0.170175137390802,0.3095106776149339,-0.04410674678537333,-0.02050236927348056
music_weighted,300,ratio10,-0.06599463606462525,-0.11853266304518106,0.05406514308139809,0.02906983585226328,-0.4244163147990533,-0.16037139187776753,-0.01606022192468664,0.12174513328009415
music_weighted,300,ratio2,0.0004142954413093606,-0.003719870368239899,0.029753625025049746,0.013098246731467148,-0.0091466654461678,-0.02389977446074082,-0.004657347937806299,-0.0026623112639456194
music_weighted,300,ratio4,-0.05374804762827158,-0.09687623906396571,0.023262223870652916,0.01823539070399569,-0.19061069541500197,-0.24950670261033814,0.005540632589323728,0.07059086509173831
