method,budget,level,mae_pp,rmse_pp,absolute_error_0_pp,absolute_error_1_pp,absolute_error_2_pp,absolute_error_3_pp,absolute_error_4_pp,absolute_error_5_pp
music_nnls,60,balanced,8.552094955143888,10.908453860551296,8.371091117177006,4.259646510963301,11.049070282758576,14.085655717518403,4.60724021190066,8.939865890545382
music_nnls,60,ratio10,8.719577963903172,11.044360960937572,9.133522494470254,4.428192647537826,10.760012535708753,13.8732704543104,4.787599586577187,9.33487006481461
music_nnls,60,ratio2,8.603306792498676,10.961380880171362,8.41941688973925,4.367031482145171,11.007385006344823,14.116575934188011,4.6789488878400345,9.030482554734768
music_nnls,60,ratio4,8.619090465827842,10.9513606889906,8.46283639500903,4.450304516888755,10.706067722983558,13.998707796753736,4.661500712159809,9.435125651172168
music_nnls,120,balanced,8.590072879459088,10.968046377610971,8.487595967028643,4.181489574872507,11.098399933398364,13.982669689256662,4.614408602245575,9.17587350995277
music_nnls,120,ratio10,8.656118800582018,11.000796323206405,8.484300921782717,4.478401976549536,10.70649792153703,14.09099563178305,4.658681677582322,9.517834674257445
music_nnls,120,ratio2,8.62426821796864,11.014788306962163,8.48344974259212,4.1853518109252095,11.256803508770505,14.059555696301727,4.659569927247075,9.100878621975202
music_nnls,120,ratio4,8.588043176569728,10.959883531515162,8.45406726790783,4.255894904492437,11.087579672844502,14.09901871168538,4.6116551906063465,9.020043311881867
music_nnls,300,balanced,8.684114406661278,11.118488040968893,8.445403454205945,4.249837546022823,11.462986864329476,14.244339464443753,4.656773689273504,9.04534542169217
music_nnls,300,ratio10,8.654068397356312,11.044854433057324,8.478784522517635,4.2896554732088354,11.255513670692684,14.196708109880657,4.656232584647522,9.047516023190532
music_nnls,300,ratio2,8.699042587827071,11.132046061896384,8.47581398828312,4.23300773153971,11.398792481101962,14.326238852578081,4.658373818729741,9.102028654729812
music_nnls,300,ratio4,8.672610058167733,11.095556122015312,8.43926374961737,4.190026698326115,11.430054503770737,14.191238723098062,4.649524549228244,9.135552124965866
music_weighted,60,balanced,5.289662575002408,6.803270396064089,4.667680092045751,2.2173700219818513,7.777939306822921,8.973634702265558,3.5101937044260367,4.591157622472324
music_weighted,60,ratio10,5.91085848513828,7.515942667540959,5.493389746629414,2.9919582628724304,8.202211483143222,9.606625093248255,3.8858801523855875,5.28508617255077
music_weighted,60,ratio2,5.350504968820522,6.865291573188522,4.677470336893157,2.3400318087349556,7.751523774034743,9.021454347679207,3.6325496125783796,4.67999993300269
music_weighted,60,ratio4,5.480061226020801,7.014422574826008,4.828016214280555,2.5218992993545926,7.859368280208926,9.18841834410064,3.6144965762507537,4.868168641929337
music_weighted,120,balanced,5.178185295736104,6.643465851422724,4.630879533219663,2.1923899367797324,7.5812476128720405,8.55523900569373,3.5613830462912413,4.54797263956021
music_weighted,120,ratio10,5.453714390189163,6.987555584467325,4.775302205221266,2.480174188561372,7.858536802914551,9.178709722237311,3.5916407944588733,4.837922627741605
music_weighted,120,ratio2,5.219502616381676,6.70596847664494,4.628326373031622,2.187213156146282,7.678137638835247,8.694181341476028,3.59489931788694,4.534257870913933
music_weighted,120,ratio4,5.24497072084408,6.749107338520029,4.627515658773456,2.181389662926914,7.751422750262843,8.864749683308665,3.5172762995058684,4.527470270286729
music_weighted,300,balanced,5.280304081925415,6.832796847873159,4.566472758483174,2.120959895938429,8.131902892121193,8.93966941440736,3.5940453454964123,4.32877418510592
music_weighted,300,ratio10,5.21430944586079,6.714264184827977,4.620537901564572,2.1500297317906916,7.707486577322141,8.779298022529593,3.5779851235717257,4.450519318386014
music_weighted,300,ratio2,5.280718377366725,6.8290769775049185,4.596226383508224,2.134058142669896,8.122756226675026,8.91576963994662,3.5893879975586063,4.326111873841975
music_weighted,300,ratio4,5.226556034297144,6.735920608809193,4.589734982353827,2.139195286642424,7.9412921967061925,8.690162711797022,3.5995859780857367,4.399365050197658
