held_out,method,level,low_budget,high_budget,mae_penalty_change_pp,rmse_penalty_change_pp,absolute_error_0_penalty_change_pp,absolute_error_1_penalty_change_pp,absolute_error_2_penalty_change_pp,absolute_error_3_penalty_change_pp,absolute_error_4_penalty_change_pp,absolute_error_5_penalty_change_pp
HC-014,music_nnls,ratio10,60,120,-0.3335633897104993,-0.4775621393714307,-0.2672383283618111,-0.7279106964839159,0.4805945659070801,-0.7465832744600276,0.824972594829369,-1.5652151996936643
HC-014,music_nnls,ratio10,120,300,-0.05071887573889075,-0.11198232714397074,0.06215270116495519,0.13022954893359054,-1.31330333268721,-0.07317215688390255,0.2992781657320433,0.5905018193071653
HC-014,music_nnls,ratio10,60,300,-0.3842822654493901,-0.5895444665154015,-0.2050856271968559,-0.5976811475503253,-0.8327087667801298,-0.8197554313439301,1.1242507605614125,-0.9747133803864989
HC-014,music_nnls,ratio2,60,120,-0.14827595586364628,-0.22250523757243118,-0.0005933662062036183,0.008643134282132814,0.6562769246012555,-0.6450355843936678,-0.05921794277668176,-0.8497289006886921
HC-014,music_nnls,ratio2,120,300,0.07585430540200527,0.16846660157059845,0.029713232654047506,-0.006446290039794703,-0.3435495313824156,0.3602280222525121,-0.08047795041276254,0.4956583493404381
HC-014,music_nnls,ratio2,60,300,-0.07242165046164101,-0.05403863600183273,0.029119866447843888,0.0021968442423381113,0.3127273932188399,-0.28480756214115566,-0.1396958931894443,-0.35407055134825405
HC-014,music_nnls,ratio4,60,120,-0.05184634297988109,-0.1316577387252618,0.11291461489447227,-0.3286657888638885,1.7985020431167391,-0.058284086398488366,0.06836391151031128,-1.903908752138419
HC-014,music_nnls,ratio4,120,300,-0.12738216241221115,-0.1289285984908939,-0.1443401114179208,0.34604281455398134,-2.0147400243049916,-0.6709131565174892,-0.0018981506458955882,1.7215556538590493
HC-014,music_nnls,ratio4,60,300,-0.17922850539209223,-0.2605863372161557,-0.03142549652344852,0.01737702569009289,-0.21623798118825222,-0.7291972429159775,0.06646576086441569,-0.18235309827936969
HC-014,music_weighted,ratio10,60,120,0.08783829824524225,0.12532841831529395,-0.44338394305643336,-0.6440568602358321,0.8264877319591576,0.5143118742394232,0.4092559090110521,-0.1355849224459167
HC-014,music_weighted,ratio10,120,300,0.1297011764065292,0.053703249025361305,0.050913587815266864,0.28726651185241864,-0.17515108998212098,-0.665523098886676,0.4254638524235735,0.8552372952167069
HC-014,music_weighted,ratio10,60,300,0.21753947465177145,0.17903166734065526,-0.3924703552411665,-0.3567903483834134,0.6513366419770366,-0.1512112246472529,0.8347197614346256,0.7196523727707902
HC-014,music_weighted,ratio2,60,120,-0.07178505283071682,-0.09010009111371506,-0.17471730700967802,-0.11898738779307588,0.5022888274720672,0.02977489639031225,-0.1608607090525269,-0.5082086369914018
HC-014,music_weighted,ratio2,120,300,0.027352178901621796,0.024259941739549113,0.13782170801304813,0.049136680504441047,0.20990310962906572,-0.4410798284720686,0.0031082928833950103,0.2052231108518483
HC-014,music_weighted,ratio2,60,300,-0.04443287392909503,-0.06584014937416595,-0.03689559899662988,-0.06985070728863482,0.7121919371011328,-0.4113049320817564,-0.15775241616913188,-0.3029855261395536
HC-014,music_weighted,ratio4,60,120,-0.03700406613805558,-0.023907683821418446,-0.18949985458185942,-0.38147256864529344,0.968773361106944,0.43429635918353626,-0.11654176915466148,-0.9375799247370075
HC-014,music_weighted,ratio4,120,300,-0.010167317679988894,-0.10609100153208795,0.07715781966777928,0.39911295261534097,-0.4353410470223232,-1.3526125486353726,0.23087262817702453,1.0198062891176187
HC-014,music_weighted,ratio4,60,300,-0.04717138381804448,-0.1299986853535064,-0.11234203491408012,0.01764038397004751,0.5334323140846209,-0.9183161894518364,0.11433085902236306,0.08222636438061137
HC-502,music_nnls,ratio10,60,120,-0.37360739202478715,-0.23134301446004163,-1.6886152543555482,-0.16486146428492177,-1.0484110633327206,0.38894265857401755,-0.2697986753846001,0.5410994466350455
HC-502,music_nnls,ratio10,120,300,-0.35663185831773186,-0.5007130227216596,0.1338213470927655,-0.07247402071461843,-0.44544227651531376,-0.9576426034434645,-0.4066873265614853,-0.3913662697642686
HC-502,music_nnls,ratio10,60,300,-0.730239250342519,-0.7320560371817013,-1.5547939072627828,-0.2373354849995402,-1.4938533398480345,-0.568699944869447,-0.6764860019460854,0.14973317687077692
HC-502,music_nnls,ratio2,60,120,-0.12346375637721622,-0.19520419613400936,-0.4121572063097355,-0.010270464074702765,0.5318037278944752,0.07846272278200356,0.11366794942908867,-1.042289267984436
HC-502,music_nnls,ratio2,120,300,0.0909643891607506,0.08827030189878694,0.5935985842175888,0.006145404092525711,-0.7745587896319577,-0.354410286613045,-0.08229653155296503,1.1573079544523652
HC-502,music_nnls,ratio2,60,300,-0.032499367216465624,-0.1069338942352224,0.1814413779078533,-0.0041250599821770545,-0.2427550617374825,-0.27594756383104146,0.03137141787612366,0.11501868646792923
HC-502,music_nnls,ratio4,60,120,-0.5546719118287458,-0.6941447956522048,-1.2154513763557264,-0.44122408182247397,0.7052671007993301,0.12486271869906473,0.1275233044370831,-2.629009136729765
HC-502,music_nnls,ratio4,120,300,0.12181908270805239,0.15524195740684998,0.754731559951292,0.1350198123469284,-0.7332550571445193,-0.7616920962745224,-0.19159975761218045,1.5277100349813197
HC-502,music_nnls,ratio4,60,300,-0.43285282912069334,-0.5389028382453548,-0.4607198164044345,-0.3062042694755456,-0.027987956345189247,-0.6368293775754577,-0.06407645317509737,-1.1012991017484457
HC-502,music_weighted,ratio10,60,120,-0.47781777310568485,-0.48447827309462355,-0.7284136091151672,-0.5228624623555278,-0.690064943619789,-0.009637349899106917,-0.4664563095827887,-0.4494719640617315
HC-502,music_weighted,ratio10,120,300,-0.5311252813288732,-0.7311355092747684,-0.1699065672644987,-0.512253408260173,-1.2149889630548567,-0.892345130097254,-0.152106894219929,-0.24515072507652305
HC-502,music_weighted,ratio10,60,300,-1.0089430544345581,-1.215613782369392,-0.8983201763796659,-1.0351158706157007,-1.9050539066746457,-0.9019824799963609,-0.6185632038027178,-0.6946226891382545
HC-502,music_weighted,ratio2,60,120,-0.07048792760393015,-0.03461004954251384,-0.10235650832320903,-0.19388090952971274,0.1692960622965884,0.04670219886238747,-0.11430585540044039,-0.22838255352919767
HC-502,music_weighted,ratio2,120,300,-0.03741432473771451,-0.09764398429608584,0.16737396303921992,0.05325785920178339,-0.29702893005311914,-0.2030963216802771,-0.10055703742812655,0.15556451849423347
HC-502,music_weighted,ratio2,60,300,-0.10790225234164466,-0.13225403383859968,0.06501745471601089,-0.14062305032792932,-0.12773286775653075,-0.15639412281788964,-0.21486289282856694,-0.07281803503496417
HC-502,music_weighted,ratio4,60,120,-0.3045450780997797,-0.2850571417573041,-0.5203506784684824,-0.35977531731854306,0.07905710393641645,0.05573041885987218,-0.27755666792880107,-0.8043753276791465
HC-502,music_weighted,ratio4,120,300,-0.15716133392999948,-0.31676181583965046,0.1396506254527858,-0.09703462496154289,-0.8479690240309059,-0.7593065847792492,0.06173384743557095,0.5599577573033465
HC-502,music_weighted,ratio4,60,300,-0.4617064120297792,-0.6018189575969546,-0.38070005301569665,-0.4568099422800859,-0.7689119200944895,-0.703576165919377,-0.21582282049323015,-0.24441757037580003
HC-572,music_nnls,ratio10,60,120,-0.26038315152688124,-0.17009208918242696,-0.1785409589749014,-0.5845476021679471,-0.3342464445485261,0.3448078028115932,0.7291748223331411,-1.5389465286146409
HC-572,music_nnls,ratio10,120,300,0.23770990989744134,0.038350214285812534,0.26953022219845346,0.10448283439281318,-0.3549278228654045,-1.0454998471852281,-0.007938448835694917,2.4606125216797023
HC-572,music_nnls,ratio10,60,300,-0.0226732416294399,-0.13174187489661443,0.09098926322355202,-0.48006476777513396,-0.6891742674139306,-0.7006920443736349,0.7212363734974463,0.9216659930650616
HC-572,music_nnls,ratio2,60,120,-0.02478824755517614,0.007288140447229113,-0.0775201119047012,-0.06060915993098914,-0.009514465301601938,0.30729926086725823,-0.2836416756049231,-0.024743333456097888
HC-572,music_nnls,ratio2,120,300,0.29445781927189163,0.3708517616904816,0.03835610609786512,0.07155843679339896,0.2624094692414797,0.5379141536960501,-0.008501951238487314,0.8650107010410464
HC-572,music_nnls,ratio2,60,300,0.26966957171671546,0.37813990213771076,-0.039164005806836086,0.010949276862409821,0.25289500393987774,0.8452134145633083,-0.2921436268434104,0.8402673675849486
HC-572,music_nnls,ratio4,60,120,-0.18451929095790268,-0.12170232004095505,-0.02823787361762753,-0.6017937749345231,0.18113158438090843,0.9930280959953859,-0.3066861138139578,-1.3445576637575982
HC-572,music_nnls,ratio4,120,300,0.41570420316914486,0.3335061651719731,-0.01775720401431838,0.44733701208952903,-0.010824041741015172,-0.4472191401892176,0.05976977995182206,2.4629188129180752
HC-572,music_nnls,ratio4,60,300,0.23118491221124218,0.21180384513101808,-0.04599507763194591,-0.1544567628449941,0.17030754263989326,0.5458089558061683,-0.24691633386213568,1.118361149160477
HC-572,music_weighted,ratio10,60,120,-0.06747479088569786,-0.0963901236060269,-0.03598541745566186,-0.8599247399907473,-0.046512234624578874,0.4336334805085631,0.32256422006950247,-0.21862405382126082
HC-572,music_weighted,ratio10,120,300,-0.12128615018721368,-0.24495037432327088,0.40493997896664713,0.23964957160687778,-0.5920016281706277,-1.1753444513292213,0.6618142940169214,-0.2667746662138808
HC-572,music_weighted,ratio10,60,300,-0.18876094107291153,-0.34134049792929777,0.36895456151098527,-0.6202751683838695,-0.6385138627952066,-0.7417109708206582,0.9843785140864239,-0.4853987200351416
HC-572,music_weighted,ratio2,60,120,-0.031952244990902524,-0.05363853141516199,0.014299664787822575,-0.20529111892288612,-0.063699654567938,0.15605744135667296,-0.25521489328444547,0.1621350906853664
HC-572,music_weighted,ratio2,120,300,0.009511422173611379,0.0354513059925837,0.17043828603227998,0.09571927762648694,0.07664811571378863,-0.22787789706348496,0.05459234799106378,-0.11245159725846841
HC-572,music_weighted,ratio2,60,300,-0.02244082281729115,-0.018187225422578293,0.18473795082010255,-0.10957184129639919,0.012948461145850632,-0.071820455706812,-0.20062254529338172,0.049683493426898
HC-572,music_weighted,ratio4,60,120,-0.0027520008883944475,0.0230200164061185,0.1767896318677059,-0.6793808377130981,0.004665554574577041,0.7412088229385934,-0.30995205087190547,0.050156873873766494
HC-572,music_weighted,ratio4,120,300,-0.12254820558504263,-0.2276324284382783,0.017397116779158256,0.5677812988210382,-0.36916368916038267,-1.3045984154494985,0.49866775504632505,-0.1453732995468998
HC-572,music_weighted,ratio4,60,300,-0.1253002064734371,-0.2046124120321598,0.19418674864686417,-0.11159953889205979,-0.3644981345858056,-0.5633895925109051,0.1887157041744196,-0.09521642567313329
IGTB1506,music_nnls,ratio10,60,120,-0.026621260839832593,-0.13472975837330595,-0.3891299200719053,-0.15963343044951062,-0.7074819529971839,0.4673802409556762,-0.15312602417102114,0.7822635216949438
IGTB1506,music_nnls,ratio10,120,300,-0.21134101498317104,-0.0771750741600229,-0.6496224340594693,-0.49231266376747723,1.071769317349641,0.2944845434992267,-0.004849262355958575,-1.4875155905649817
IGTB1506,music_nnls,ratio10,60,300,-0.2379622758230036,-0.21190483253332884,-1.0387523541313746,-0.6519460942169879,0.3642873643524571,0.7618647844549029,-0.15797528652697973,-0.7052520688700379
IGTB1506,music_nnls,ratio2,60,120,-0.05778266699652011,-0.09647612259464436,-0.07192204510302891,-0.17911528524136236,-0.37725862618275113,-0.16831187515888937,-0.018222275604044658,0.46813410531095173
IGTB1506,music_nnls,ratio2,120,300,-0.17251786529449759,-0.21379524439570557,-0.12103411628917032,-0.04496006218257043,-0.23724507464055936,-0.12779107561816888,-0.07971008255169461,-0.4243667804848201
IGTB1506,music_nnls,ratio2,60,300,-0.2303005322910177,-0.31027136699034996,-0.19295616139219923,-0.22407534742393279,-0.6145037008233105,-0.2961029507770582,-0.09793235815573927,0.043767324826131604
IGTB1506,music_nnls,ratio4,60,120,-0.1404515451673506,-0.21754343018368355,-0.4704952055293456,-0.19259622062861317,-0.17491504555309634,-0.031912579357563586,-0.046868277433998864,0.07407805749851515
IGTB1506,music_nnls,ratio4,120,300,-0.1656077964636272,-0.07481057251462103,-0.07959224963679615,-0.17948507169127217,0.5054101811647924,-0.1022377854550367,0.031087367363733163,-1.1688292205271846
IGTB1506,music_nnls,ratio4,60,300,-0.30605934163097775,-0.2923540026983046,-0.5500874551661418,-0.37208129231988535,0.33049513561169613,-0.1341503648126003,-0.015780910070265698,-1.0947511630286693
IGTB1506,music_weighted,ratio10,60,120,-0.5601208236643083,-0.6627356248279475,-0.5125711051235083,-0.6603482888118901,-0.559816153553909,-0.6792301152610569,-0.20518311732559724,-0.7435761619098986
IGTB1506,music_weighted,ratio10,120,300,-0.4827616224555309,-0.593898933446326,-0.29743748054329994,-0.3223257403609169,-0.49018572206596356,-0.765065623733673,-0.3002250706615031,-0.7213300973678244
IGTB1506,music_weighted,ratio10,60,300,-1.0428824461198392,-1.2566345582742735,-0.8100085856668082,-0.9826740291728071,-1.0500018756198726,-1.44429573899473,-0.5054081879871004,-1.464906259277723
IGTB1506,music_weighted,ratio2,60,120,-0.047940655830163464,-0.024797031788695207,-0.02519879241533643,-0.14938543292483042,0.05900087325630136,-0.05099919133454625,-0.0448872298665582,-0.07617416169601769
IGTB1506,music_weighted,ratio2,120,300,-0.07536918655456894,-0.09490511266457476,-0.09892137866886952,0.011432099534251143,-0.15401351257017407,0.0086950905849702,-0.1713562169843544,-0.04805120122323543
IGTB1506,music_weighted,ratio2,60,300,-0.1233098423847324,-0.11970214445326997,-0.12412017108420595,-0.13795333339057927,-0.0950126393138727,-0.04230410074957605,-0.21624344685091262,-0.12422536291925312
IGTB1506,music_weighted,ratio4,60,120,-0.27125677602243436,-0.27162699969958315,-0.1381589523598939,-0.49222458492284665,-0.09473603826323984,-0.29729957877678365,-0.0997891675748622,-0.505332334236989
IGTB1506,music_weighted,ratio4,120,300,-0.09909596363259787,-0.14430753075708944,-0.15871549544500757,0.1456232218507434,-0.07769637392657841,-0.15505042783796708,-0.151798053646571,-0.1969386527902005
IGTB1506,music_weighted,ratio4,60,300,-0.37035273965503224,-0.4159345304566726,-0.29687444780490146,-0.34660136307210326,-0.17243241218981825,-0.4523500066147507,-0.25158722122143323,-0.7022709870271895
IGTB1650,music_nnls,ratio10,60,120,-0.06231839922089853,-0.11744710980821403,-2.2009952798875934,1.486233645246931,0.47037512776485413,0.2279162892664011,-0.9017164140170297,0.5442762363010334
IGTB1650,music_nnls,ratio10,120,300,-0.00493348981474534,-0.1137448713174721,0.10591172916092115,-0.767769338051454,0.0866393741188104,-0.2760168181940047,0.5757597455752028,0.24587436850206323
IGTB1650,music_nnls,ratio10,60,300,-0.06725188903564387,-0.23119198112568612,-2.095083550726672,0.7184643071954769,0.5570145018836645,-0.04810052892760358,-0.325956668441827,0.7901506048030966
IGTB1650,music_nnls,ratio2,60,120,-0.04057733238383381,0.027208426665757145,-0.4604926989899655,-0.2515637350268381,0.8641761024197632,-0.3233776114836294,-0.08052585210601035,0.008319800883669494
IGTB1650,music_nnls,ratio2,120,300,-0.07053334753323247,-0.1298806639537576,0.11673276630139043,-0.10240932071380604,-0.444418962980327,-0.22043393200558525,0.1631574301727533,0.06417193402618683
IGTB1650,music_nnls,ratio2,60,300,-0.11111067991706629,-0.10267223728800046,-0.3437599326885751,-0.35397305574064414,0.4197571394394361,-0.5438115434892147,0.08263157806674297,0.07249173490985633
IGTB1650,music_nnls,ratio4,60,120,-0.13813559118881955,-0.11334739715651743,-0.4299534285275043,0.41171197352479433,0.06384445060352197,-0.3536984971884529,-0.5395004480970108,0.018782402551725152
IGTB1650,music_nnls,ratio4,120,300,0.10870494128733449,0.01534525014302144,0.5490511625400536,-0.789483246275801,0.1903891853398738,-0.11883600027026398,0.6670665257362152,0.15404202065394274
IGTB1650,music_nnls,ratio4,60,300,-0.029430649901485056,-0.09800214701349598,0.11909773401254936,-0.37777127275100675,0.25423363594339576,-0.4725344974587169,0.12756607763920438,0.1728244232056679
IGTB1650,music_weighted,ratio10,60,120,-0.4543938062548446,-0.4557287072313294,-1.0720006070014612,-0.5285198188502561,0.05556841227375464,-0.10894197526234017,-0.7095306937269537,-0.3629381549618079
IGTB1650,music_weighted,ratio10,120,300,-0.2742601246353428,-0.32679121857159554,-0.07334129945748238,-0.6572773507352923,-0.5453941224281379,-0.11617783668289378,0.0570596120972328,-0.3104297506054856
IGTB1650,music_weighted,ratio10,60,300,-0.7286539308901874,-0.782519925802925,-1.1453419064589436,-1.1857971695855485,-0.48982571015438325,-0.22511981194523395,-0.6524710816297209,-0.6733679055672935
IGTB1650,music_weighted,ratio2,60,120,-0.0018871225428973848,0.06080598528582694,0.02350920681400213,-0.20944413837245285,0.251363555846832,0.25525230071628446,-0.13697446477304778,-0.19502919548899914
IGTB1650,music_weighted,ratio2,120,300,-0.08493562077915656,-0.15907857553060445,0.02860830356327409,0.03902425441127312,-0.37540799024124843,-0.3980756686430512,0.07382660431418622,0.12241077192062563
IGTB1650,music_weighted,ratio2,60,300,-0.08682274332205395,-0.0982725902447775,0.052117510377276216,-0.17041988396117974,-0.12404443439441643,-0.14282336792676675,-0.06314786045886157,-0.0726184235683735
IGTB1650,music_weighted,ratio4,60,120,-0.1325604137411217,-0.06465858240859673,-0.21147685296271812,-0.328565248811829,0.14861790855794255,0.22420304760948,-0.3570643975463616,-0.27107693929323884
IGTB1650,music_weighted,ratio4,120,300,-0.04735054020708232,-0.12248566578411327,0.16263882403627178,-0.16599902962545346,-0.35202170222925255,-0.311026284401572,0.25719789472889504,0.12510705624861995
IGTB1650,music_weighted,ratio4,60,300,-0.17991095394820403,-0.18714424819271,-0.04883802892644634,-0.4945642784372825,-0.20340379367131003,-0.086823236792092,-0.09986650281746655,-0.14596988304461886
IGTB1913,music_nnls,ratio10,60,120,0.1077003968007009,0.07036884333005883,-1.8145385018099838,0.7578832561416184,0.0844091248640163,0.7051165848361781,0.0206573901754116,0.8926745265969637
IGTB1913,music_nnls,ratio10,120,300,-0.07238216664980325,-0.1001511183346038,1.1919494502936123,-0.5478973777102463,-0.4442474177511793,0.2807483497729878,-0.23151188000956624,-0.6833341244944291
IGTB1913,music_nnls,ratio10,60,300,0.035318230150897655,-0.029782275004544972,-0.6225890515163715,0.20998587843137223,-0.359838292887163,0.9858649346091659,-0.21085448983415464,0.20934040210253463
IGTB1913,music_nnls,ratio2,60,120,0.10411088287205694,0.1921295988722604,0.532098589487742,-0.1507559117026828,-0.017596066130532884,0.20844799583179063,0.11546637139928959,-0.06299568165326763
IGTB1913,music_nnls,ratio2,120,300,-0.1540166328193546,-0.2591036562475709,0.24664430778865937,-0.052061614170570286,-0.9245737155052849,0.06394480056364407,-0.16202498451938963,-0.09602859107318937
IGTB1913,music_nnls,ratio2,60,300,-0.04990574994729764,-0.06697405737531051,0.7787428972764014,-0.20281752587325308,-0.9421697816358178,0.2723927963954347,-0.046558613120100054,-0.159024272726457
IGTB1913,music_nnls,ratio4,60,120,0.20508798638849768,0.20053156325440705,2.304485615485563,0.22687279217950904,-1.2478004490467582,-0.3556493845879223,0.39833256131452954,-0.09571321701394475
IGTB1913,music_nnls,ratio4,120,300,-0.24028869954311652,-0.28843838093726104,-0.8894696914821428,-0.5262784115722632,0.18938846373700524,0.5408281061924082,-0.4355128528281573,-0.3206878113055411
IGTB1913,music_nnls,ratio4,60,300,-0.03520071315461886,-0.08790681768285397,1.4150159240034201,-0.2994056193927541,-1.0584119853097531,0.1851787216044859,-0.03718029151362781,-0.41640102831948583
IGTB1913,music_weighted,ratio10,60,120,-0.2329008171121869,-0.30423973718862485,-0.960587268440325,-0.3340703217941491,-0.03376367355513277,0.21670122835445982,-0.16915582646861343,-0.11652904076935033
IGTB1913,music_weighted,ratio10,120,300,-0.27846016498162446,-0.3333639225159878,0.17052248392080613,-0.39074778998810816,-0.4873445996363013,-0.2089620284012068,-0.3833599060980605,-0.3708691496868805
IGTB1913,music_weighted,ratio10,60,300,-0.5113609820938114,-0.6376036597046126,-0.7900647845195189,-0.7248181117822572,-0.521108273191434,0.0077391999532530065,-0.5525157325666739,-0.48739819045623084
IGTB1913,music_weighted,ratio2,60,120,0.03810935234199353,0.04063970348453,0.12381031619538636,-0.02997146070050446,-0.02546245341886963,0.0025575598240915876,0.12487061289782661,0.0328515392540333
IGTB1913,music_weighted,ratio2,120,300,-0.05931825666800302,-0.057171867799065634,-0.015111515097107339,-0.028224601635451096,-0.12415042785106237,0.057767786939425525,-0.1497608202428817,-0.09642996212093713
IGTB1913,music_weighted,ratio2,60,300,-0.02120890432600949,-0.016532164314535636,0.10869880109827902,-0.058196062335955555,-0.149612881269932,0.06032534676351711,-0.024890207345055086,-0.06357842286690384
IGTB1913,music_weighted,ratio4,60,120,0.018662598997893576,-0.0043047393616572616,0.17288036467171936,-0.16596225246186863,-0.04841074628810693,-0.003140535603425476,0.2305896671557393,-0.07398090348669584
IGTB1913,music_weighted,ratio4,120,300,-0.1558108662273433,-0.15553787393059548,-0.055005354241868046,-0.12368501013169814,-0.22436104143151303,0.018667321339353726,-0.3696861775093818,-0.18079493538895028
IGTB1913,music_weighted,ratio4,60,300,-0.13714826722944973,-0.15984261329225274,0.1178750104298513,-0.28964726259356677,-0.27277178771961996,0.01552678573592825,-0.1390965103536425,-0.25477583887564614
IGTB1921,music_nnls,ratio10,60,120,0.21427139721442456,0.350607285015496,-1.426383969587795,0.4734660466185419,1.5809684256301433,0.7926344534085358,-0.35975652957974724,0.2246999567968615
IGTB1921,music_nnls,ratio10,120,300,-0.5112183263483001,-0.596514729011066,-0.6461453603435187,-0.3682079845842764,-0.53146177214074,-0.4637182743344277,-0.36910413787755303,-0.6886724288092795
IGTB1921,music_nnls,ratio10,60,300,-0.29694692913387555,-0.24590744399556988,-2.0725293299313137,0.10525806203426552,1.049506653489403,0.3289161790741081,-0.7288606674573003,-0.463972472012418
IGTB1921,music_nnls,ratio2,60,120,-0.15332131213126174,-0.3014795176198357,0.34399999463305253,-0.16067180849609947,-0.9110997015292306,-0.49592302632905416,0.02380578518513602,0.2799608837486219
IGTB1921,music_nnls,ratio2,120,300,-0.01348208678007955,0.0974138949590747,-0.2752546672814698,-0.11828986669829164,0.27225486563437945,0.4478474435544066,-0.0932588375408062,-0.3141914583486951
IGTB1921,music_nnls,ratio2,60,300,-0.16680339891134127,-0.20406562266076103,0.06874532735158277,-0.2789616751943911,-0.6388448358948511,-0.0480755827746476,-0.06945305235567019,-0.034230574600073255
IGTB1921,music_nnls,ratio4,60,120,-0.2026640744364964,-0.34664519728745213,-0.3843096568195592,0.061766278050025006,-0.5056604332727801,-0.6937673781933181,-0.09003966833835911,0.3960264119550062
IGTB1921,music_nnls,ratio4,120,300,0.11724101194647829,0.354157844370475,-0.41878903064988965,-0.3457673413488338,1.0731725086989643,1.1515018721857662,-0.14969564513885622,-0.6069762920682716
IGTB1921,music_nnls,ratio4,60,300,-0.0854230624900181,0.00751264708302285,-0.8030986874694488,-0.2840010632988088,0.5675120754261842,0.4577344939924481,-0.23973531347721533,-0.21094988011326546
IGTB1921,music_weighted,ratio10,60,120,-0.5527094667940237,-0.6455174629371342,-1.1957171242098712,-0.41442841426590316,-0.2969180778334599,-0.707024879256638,-0.5046976206373385,-0.19747068456093564
IGTB1921,music_weighted,ratio10,120,300,-0.4926086593224463,-0.6774907908800738,-0.14077624775605313,-0.48572579682203887,-0.76678914350908,-0.8907430117778141,-0.2980660570069331,-0.37355169906274904
IGTB1921,music_weighted,ratio10,60,300,-1.04531812611647,-1.323008253817208,-1.3364933719659242,-0.900154211087942,-1.0637072213425398,-1.5977678910344522,-0.8027636776442716,-0.5710223836236847
IGTB1921,music_weighted,ratio2,60,120,0.007002888360987156,0.026792782722545067,-0.059236524871074836,-0.12805300540817818,0.1500172739639454,0.06615586480405049,-0.023436126004779415,0.03656984768195228
IGTB1921,music_weighted,ratio2,120,300,-0.07335794829711895,-0.11713825343881457,0.05680903786856352,0.02018906050949695,-0.2745681268317836,-0.11062097250408526,-0.06586467617967363,-0.06609201264522399
IGTB1921,music_weighted,ratio2,60,300,-0.0663550599361318,-0.0903454707162695,-0.0024274870025113165,-0.10786394489868123,-0.12455085286783821,-0.04446510770003477,-0.08930080218445305,-0.02952216496327171
IGTB1921,music_weighted,ratio4,60,120,-0.21791087268777024,-0.27350646472441936,-0.5296969714183756,-0.20443326292245217,-0.02202385657904101,-0.49477903739381807,-0.029996224644794067,-0.026535883168144647
IGTB1921,music_weighted,ratio4,120,300,-0.048322839079226076,-0.07043476556113047,0.1974794138049229,-0.18808026168603334,-0.09784539909510438,0.08915042029145087,-0.11867108534052256,-0.1719701224500637
IGTB1921,music_weighted,ratio4,60,300,-0.2662337117669963,-0.3439412302855498,-0.33221755761345273,-0.39251352460848554,-0.11986925567414539,-0.4056286171023672,-0.14866730998531663,-0.19850600561820836
IGTB195,music_nnls,ratio10,60,120,-0.8474930427001812,-1.2361664071115845,0.04045542413710823,-0.36882400393957765,-1.6395869163273522,-2.784705827856514,0.07709454268988403,-0.409391474904645
IGTB195,music_nnls,ratio10,120,300,0.20923787215690778,0.4838333234837851,-0.6591099511729763,0.18654251867750402,1.8370866818264675,1.9560190019001602,-0.013441878665499646,-2.051669139624206
IGTB195,music_nnls,ratio10,60,300,-0.6382551705432734,-0.7523330836277995,-0.6186545270358681,-0.18228148526207363,0.1974997654991153,-0.8286868259563538,0.06365266402438438,-2.4610606145288507
IGTB195,music_nnls,ratio2,60,120,-0.4275818851814264,-0.551112682345487,-0.3193578293626066,0.10253814178009586,-0.4305793080661847,-0.8299464861318655,0.021524759400754365,-1.109670588708762
IGTB195,music_nnls,ratio2,120,300,0.32493147963025226,0.399792840841479,0.24389858161961386,0.06486272930591136,0.8696587915474585,0.7831440481583045,-0.09065901286488155,0.07868374001510826
IGTB195,music_nnls,ratio2,60,300,-0.10265040555117419,-0.15131984150400807,-0.07545924774299273,0.1674008710860072,0.4390794834812738,-0.04680243797356097,-0.06913425346412719,-1.0309868486936535
IGTB195,music_nnls,ratio4,60,120,-0.7750092856158923,-0.8614668443166877,-1.0945049864565073,-0.18605934827612178,-0.49674522211971794,-0.21536271917411365,-0.07981279131535904,-2.577570646353549
IGTB195,music_nnls,ratio4,120,300,0.7610054551074656,1.0580428967518993,-0.025543249178926947,0.17700638458496137,1.8726238628979275,1.8922027429482897,0.033710510987472464,0.6160324784050737
IGTB195,music_nnls,ratio4,60,300,-0.014003830508426657,0.1965760524352117,-1.1200482356354342,-0.00905296369116039,1.3758786407782095,1.6768400237741763,-0.046102280327886574,-1.9615381679484754
IGTB195,music_weighted,ratio10,60,120,-0.4997994636590106,-0.6174397907019445,-0.664695562439595,-0.3142477336676998,-0.9107505170523915,-0.2971771794552014,-0.24729295353682632,-0.5646328358023512
IGTB195,music_weighted,ratio10,120,300,-0.4834922983452401,-0.7269897671193806,-0.11701596492177585,0.25190111923851344,-0.898022228732651,-1.5022174567335536,0.010301959599476135,-0.6459012185214478
IGTB195,music_weighted,ratio10,60,300,-0.9832917620042507,-1.344429557821325,-0.7817115273613708,-0.06234661442918638,-1.8087727457850424,-1.799394636188755,-0.23699099393735018,-1.210534054323799
IGTB195,music_weighted,ratio2,60,120,-0.1373263010712552,-0.17476060476829325,-0.17663216943794652,-0.008131972449657836,-0.22522343640227918,-0.17953634118473422,-0.0501910685813846,-0.1842428183715291
IGTB195,music_weighted,ratio2,120,300,0.030988591199435096,0.04407968433811324,0.07381514249720122,-0.003564047147572042,0.29105753168091586,0.01527887814729607,-0.08565744068759824,-0.1049985172936343
IGTB195,music_weighted,ratio2,60,300,-0.1063377098718201,-0.13068092043018,-0.1028170269407453,-0.011696019597229879,0.06583409527863666,-0.16425746303743813,-0.13584850926898284,-0.28924133566516336
IGTB195,music_weighted,ratio4,60,120,-0.3854776489420958,-0.442318853509573,-0.5658695840348273,-0.10186076163514178,-0.5843527573732252,-0.20007468360521274,-0.20914849221840656,-0.6515596147857636
IGTB195,music_weighted,ratio4,120,300,0.010421757805585623,-0.06785916194496847,0.08988157406420874,0.17684455737584104,0.12491004253113538,-0.5150857820345351,0.10983619590991632,0.07614395898695142
IGTB195,music_weighted,ratio4,60,300,-0.37505589113651017,-0.5101780154545414,-0.47598800997061863,0.07498379574069927,-0.45944271484208976,-0.7151604656397479,-0.09931229630849024,-0.5754156557988122
IGTB1966,music_nnls,ratio10,60,120,-0.20318659231485287,-0.32521657799766956,-0.07929650523547083,0.8402138922991137,-0.8556706514506988,0.13960175245009093,-0.08782450418632198,-1.1761435377658305
IGTB1966,music_nnls,ratio10,120,300,0.5786183161205067,0.7705371177425233,1.2009002654187046,-0.4108860808702878,1.1768171977905408,0.9153838954518898,-0.3645024280033484,0.9539970469355448
IGTB1966,music_nnls,ratio10,60,300,0.3754317238056538,0.44532053974485375,1.1216037601832338,0.4293278114288259,0.3211465463398421,1.0549856479019808,-0.45232693218967046,-0.2221464908302857
IGTB1966,music_nnls,ratio2,60,120,0.2088654869441277,0.2581566901219695,-0.10068171589226102,-0.033322586735885756,1.207536532687889,0.5143893082572422,-0.08667063836809549,-0.248057978284117
IGTB1966,music_nnls,ratio2,120,300,-0.14722420806779363,-0.16756276349760124,-0.16524138679262287,-0.12595013052723636,-0.5448620655007149,-0.015647540993617093,-0.05146234280682285,0.01981821821425503
IGTB1966,music_nnls,ratio2,60,300,0.061641278876334055,0.09059392662436824,-0.2659231026848839,-0.1592727172631221,0.6626744671871743,0.498741767263625,-0.13813298117491835,-0.22823976006986196
IGTB1966,music_nnls,ratio4,60,120,0.13836745081593507,0.11625757833464642,-0.10607192194357706,0.4430299718533591,0.8737432960846111,-0.07270208920164373,0.006540446912113182,-0.3143349988092483
IGTB1966,music_nnls,ratio4,120,300,0.19492730762755156,0.30812747357128545,0.46705458685934215,-0.5493685773161592,0.2851871527894623,0.6966826475919735,-0.20949882741940362,0.4795068632600926
IGTB1966,music_nnls,ratio4,60,300,0.33329475844348666,0.4243850519059319,0.3609826649157651,-0.10633860546280009,1.1589304488740733,0.6239805583903298,-0.20295838050729045,0.16517186445084434
IGTB1966,music_weighted,ratio10,60,120,-0.31090900575988145,-0.41825928907052795,-0.914415701454691,-0.1555830369806611,-0.23789605622688714,0.10612771810210125,-0.2691928233611703,-0.3944941346379691
IGTB1966,music_weighted,ratio10,120,300,0.013608727558392472,-0.012800237640669121,0.9211165338551213,-0.3393507579336381,-0.6202443586149013,-0.4387664347963372,-0.2003099696692353,0.7592073525093437
IGTB1966,music_weighted,ratio10,60,300,-0.29730027820148897,-0.43105952671119707,0.00670083240043029,-0.49493379491429923,-0.8581404148417886,-0.33263871669423595,-0.46950279303040565,0.36471321787137456
IGTB1966,music_weighted,ratio2,60,120,-0.01814922061432439,0.0058381107281389386,-0.0520028808611146,-0.26801643878789255,0.284781994575053,0.13227665006428646,-0.1532421597842471,-0.05269248889202007
IGTB1966,music_weighted,ratio2,120,300,0.02901125376034426,0.04874433840343412,0.06357693723119151,-0.027207477639462498,0.16679636353697352,0.12499257626691798,-0.06206343564569407,-0.09202744118786389
IGTB1966,music_weighted,ratio2,60,300,0.01086203314601987,0.054582449131573056,0.011574056370076913,-0.29522391642735507,0.4515783581120265,0.2572692263312044,-0.21530559542994115,-0.14471993007988396
IGTB1966,music_weighted,ratio4,60,120,-0.026226452180487993,-0.04152643966555078,-0.3198044046942112,-0.18926106785078017,0.20394600410836117,0.28473803357143995,-0.14884955002666952,0.011872271808943041
IGTB1966,music_weighted,ratio4,120,300,0.06260979622196661,0.07083548785519803,0.5411092605403214,-0.17092860220703987,-0.06487120940479141,-0.15803263744372295,0.0060539205246317035,0.22232804532240336
IGTB1966,music_weighted,ratio4,60,300,0.03638334404147862,0.02930904818964725,0.2213048558461102,-0.36018967005782004,0.13907479470356976,0.126705396127717,-0.1427956295020378,0.23420031713134642
IGTB256,music_nnls,ratio10,60,120,-0.08418539315608653,-0.026164912548547248,-1.2623201819774585,0.19599739893833298,0.18198342676057883,1.2246634918185975,-0.22280977382648526,-0.6226267206500907
IGTB256,music_nnls,ratio10,120,300,-0.23597940166724585,-0.2870139674825134,-0.0464835625862757,-0.16314441053136927,0.2769250301773254,-0.8558899736594612,0.006451569106106711,-0.6337350625097946
IGTB256,music_nnls,ratio10,60,300,-0.3201647948233324,-0.31317888003106065,-1.3088037445637342,0.03285298840696371,0.4589084569379042,0.3687735181591362,-0.21635820472037853,-1.2563617831598852
IGTB256,music_nnls,ratio2,60,120,0.15963869674979705,0.2582839573523546,-0.18572597901737353,-0.1282546337135519,0.07893889868033,0.9560185507075356,-0.008761887008005488,0.24561723084984197
IGTB256,music_nnls,ratio2,120,300,-0.04578449412284685,-0.07191155128616532,-0.052640363725814834,0.05517706939093418,-0.01760387846069285,-0.3120679535076816,0.03981201117821245,0.012616150387965513
IGTB256,music_nnls,ratio2,60,300,0.1138542026269502,0.1863724060661893,-0.23836634274318835,-0.07307756432261772,0.061335020219637146,0.6439505971998539,0.031050124170206965,0.2582333812378075
IGTB256,music_nnls,ratio4,60,120,0.11863031630833609,0.2613777712146468,-0.29056023111304796,0.012093454321997932,0.47992270446866653,0.9995627734618715,0.03284838160987672,-0.5220851848993524
IGTB256,music_nnls,ratio4,120,300,-0.3388489152122013,-0.5194788115284821,0.11141757375947997,-0.14455490383495043,-0.43946516138220293,-1.5480554997038558,-0.025510132101034942,0.013074631989358668
IGTB256,music_nnls,ratio4,60,300,-0.2202185989038652,-0.25810104031383524,-0.179142657353568,-0.1324614495129525,0.0404575430864636,-0.5484927262419843,0.007338249508841779,-0.5090105529099938
IGTB256,music_weighted,ratio10,60,120,-0.3866840749023879,-0.3949447536155781,-1.0235129729969956,-0.2412532085044139,0.03352071214841135,0.05425312742813071,-0.5217273463038096,-0.6213847611856582
IGTB256,music_weighted,ratio10,120,300,-0.4710787939431443,-0.5890939086125876,-0.10768180956135204,-0.5128682832525474,-0.7493015597304356,-0.9626158406847419,-0.1161764111970865,-0.3778288592326945
IGTB256,music_weighted,ratio10,60,300,-0.8577628688455321,-0.9840386622281657,-1.1311947825583477,-0.7541214917569613,-0.7157808475820242,-0.9083627132566112,-0.6379037575008961,-0.9992136204183527
IGTB256,music_weighted,ratio2,60,120,-0.014678182483671337,0.005834998799273461,-0.10155599275775438,-0.017354118727708437,-0.050512890832910176,0.21958451080351302,-0.10482642986897187,-0.03340417351820635
IGTB256,music_weighted,ratio2,120,300,-0.05067832123377508,-0.06648468650780956,0.08465444772251612,-0.05337110311040405,-0.02513771521252189,-0.25148436146032127,-0.05141158505656448,-0.007319610285348707
IGTB256,music_weighted,ratio2,60,300,-0.06535650371744642,-0.0606496877085361,-0.016901545035238254,-0.07072522183811249,-0.07565060604543207,-0.031899850656808254,-0.15623801492553635,-0.040723783803555055
IGTB256,music_weighted,ratio4,60,120,-0.09502646942091722,-0.06888812858249763,-0.2509866644547426,-0.04899373443171562,0.034867617364172016,0.17251507091018287,-0.11173319172612782,-0.36582791418728616
IGTB256,music_weighted,ratio4,120,300,-0.2328290361628235,-0.32490324299800366,0.13746745185420037,-0.2763055320556769,-0.48738600108798147,-0.7806659897939736,-0.030886696511096958,0.04080255061759192
IGTB256,music_weighted,ratio4,60,300,-0.3278555055837407,-0.39379137158050126,-0.11351921260054224,-0.3252992664873925,-0.4525183837238095,-0.6081509188837907,-0.14261988823722477,-0.32502536356969425
IGTB498,music_nnls,ratio10,60,120,0.13174194096563363,0.5293094684185946,-0.6321575700469904,-0.3348473667643883,0.8919121170073351,1.489203286518264,-0.460004796876449,-0.16365402404396956
IGTB498,music_nnls,ratio10,120,300,-0.673566044526236,-0.9521809082872932,0.10745901087864085,-0.0674123273201003,-1.1998438857507414,-1.6979735713970163,-0.24692326389021715,-0.9367022296779779
IGTB498,music_nnls,ratio10,60,300,-0.5418241035606024,-0.4228714398686986,-0.5246985591683495,-0.40225969408448864,-0.30793176874340633,-0.20877028487875215,-0.7069280607666661,-1.1003562537219476
IGTB498,music_nnls,ratio2,60,120,-0.04815256086830144,0.035197909626449475,0.17670683289318737,-0.24666727673122482,0.06920617545129071,-0.011959854914943002,-0.01871166826629686,-0.2574895736418206
IGTB498,music_nnls,ratio2,120,300,-0.3062840607309717,-0.4846855649643818,-0.05497764596783038,0.03474897449220725,-0.8625315111907831,-0.7907717180915841,-0.10428894433272487,-0.05988351929511493
IGTB498,music_nnls,ratio2,60,300,-0.35443662159927314,-0.44948765533793233,0.121729186925357,-0.21191830223901756,-0.7933253357394924,-0.8027315730065271,-0.12300061259902173,-0.31737309293693555
IGTB498,music_nnls,ratio4,60,120,0.10218206446697992,0.36485225035668223,0.47157015774727323,-0.6436062885351641,0.8449705771772447,0.149138878366343,-0.20261841187991778,-0.006362526073899477
IGTB498,music_nnls,ratio4,120,300,-0.4897472734609378,-0.798752871433918,-0.20280869826583886,0.2133334252611999,-1.0612524708350615,-1.3920953463810264,-0.06902994853249828,-0.42663060201240294
IGTB498,music_nnls,ratio4,60,300,-0.3875652089939579,-0.4339006210772358,0.2687614594814344,-0.43027286327396425,-0.2162818936578168,-1.2429564680146834,-0.271648360412416,-0.4329931280863024
IGTB498,music_weighted,ratio10,60,120,-0.2649309735232731,-0.17736991960445792,-0.7647597354444555,-0.4543920083329276,0.19512110641641014,0.24903453582593815,-0.6179812587448528,-0.19660848085975552
IGTB498,music_weighted,ratio10,120,300,-0.48722330930162394,-0.6451942988856276,-0.7980593689886407,-0.25068780520376094,-0.8722786711835947,-1.0949608078532234,-0.2348940074460165,0.3275408048654917
IGTB498,music_weighted,ratio10,60,300,-0.752154282824897,-0.8225642184900855,-1.5628191044330961,-0.7050798135366885,-0.6771575647671846,-0.8459262720272853,-0.8528752661908692,0.13093232400573618
IGTB498,music_weighted,ratio2,60,120,0.0036571840213006357,0.024023561383778647,0.11700278874119811,-0.1443952260102417,0.05286269739217436,0.09041999334787978,-0.07406190289285455,-0.01988524645036021
IGTB498,music_weighted,ratio2,120,300,-0.10596491931941067,-0.17244140757969242,-0.07926669808859674,0.0027359990013683874,-0.33850360907217386,-0.3505752165004442,0.024999601222316852,0.10482040752106879
IGTB498,music_weighted,ratio2,60,300,-0.10230773529811003,-0.14841784619591378,0.03773609065260138,-0.14165922700887332,-0.2856409116799995,-0.26015522315256445,-0.0490623016705377,0.08493516107070859
IGTB498,music_weighted,ratio4,60,120,-0.057244152437754214,0.03024581078187774,-0.04805638500288223,-0.4538365692284515,0.2007571558697913,0.06561342662123248,-0.2554169414889535,0.14747439860273298
IGTB498,music_weighted,ratio4,120,300,-0.24924794657418015,-0.4043240246161745,-0.31731481095045083,0.07759634812096387,-0.6217572419295411,-0.8094113132143079,0.015805396379898605,0.15959394214835737
IGTB498,music_weighted,ratio4,60,300,-0.30649209901193436,-0.37407821383429674,-0.36537119595333306,-0.37624022110748767,-0.42100008605974976,-0.7437978865930754,-0.23961154510905486,0.30706834075109035
IGTB508,music_nnls,ratio10,60,120,-0.2337270121260417,-0.434951047352799,-0.5057833562501739,0.02472676900669568,-1.1532212544826606,0.04254673300143985,0.14569042538253785,0.04367861058591871
IGTB508,music_nnls,ratio10,120,300,0.09224698480422995,0.20503673227450742,-0.4419754338189217,-0.3643693598640404,0.8827364489410584,0.6805433798599186,0.4198328042742755,-0.6232859305669112
IGTB508,music_nnls,ratio10,60,300,-0.14148002732181175,-0.22991431507829155,-0.9477587900690956,-0.3396425908573447,-0.27048480554160226,0.7230901128613585,0.5655232296568133,-0.5796073199809924
IGTB508,music_nnls,ratio2,60,120,-0.07697501874571186,-0.14652459242484595,-0.0037467509680485372,-0.06833372772041202,-0.6645622258041891,-0.10709853972598507,0.08800283432655119,0.29388829741781286
IGTB508,music_nnls,ratio2,120,300,0.0032170692937552384,0.04067323290775274,-0.34246552920047235,-0.04463410563285893,0.24052452443187539,0.3561481951726886,-0.09709440758037524,-0.09317626142832253
IGTB508,music_nnls,ratio2,60,300,-0.07375794945195661,-0.10585135951709321,-0.3462122801685209,-0.11296783335327096,-0.4240377013723137,0.24904965544670354,-0.00909157325382405,0.2007120359894903
IGTB508,music_nnls,ratio4,60,120,0.17882093026033374,0.16702538672086537,-0.0698210799850005,-0.026244391571840248,-0.21224437480147584,0.9883792935631704,0.42956927283251445,-0.03671313847535729
IGTB508,music_nnls,ratio4,120,300,-0.1068899125509028,-0.06621233949580352,-0.2538705797567429,-0.20619901745729757,0.2921243765130115,-0.129377657922066,-0.013763395365482094,-0.3302532013168421
IGTB508,music_nnls,ratio4,60,300,0.07193101770943096,0.10081304722506185,-0.3236916597417434,-0.23244340902913782,0.07988000171153567,0.8590016356411045,0.41580587746703235,-0.3669663397921994
IGTB508,music_weighted,ratio10,60,120,-0.4228978601669481,-0.5048029688328548,-0.5730953058000205,-0.650436521067223,-0.5316426942231971,-0.2250415207757881,-0.3180586542448316,-0.239112464890622
IGTB508,music_weighted,ratio10,120,300,-0.3567774963816926,-0.4145510682267383,-0.34689172327267714,-0.2676392259382181,-1.163941940825256,-0.4075482469837977,0.2484031995289661,-0.20304704079917374
IGTB508,music_weighted,ratio10,60,300,-0.7796753565486406,-0.9193540370595932,-0.9199870290726977,-0.9180757470054411,-1.6955846350484531,-0.6325897677595858,-0.06965545471586546,-0.44215950568979573
IGTB508,music_weighted,ratio2,60,120,-0.02905610544717315,-0.062362546029067586,0.12577723891450357,-0.037631261151371456,-0.19700150557835075,-0.06428387528337268,-0.005273787593851574,0.004076558009405262
IGTB508,music_weighted,ratio2,120,300,-0.057979473228512025,-0.051481040626221886,-0.12869880594496694,-0.05067276132258862,-0.08821088220066221,0.02325964407554308,-0.053010698918180804,-0.0505433350602176
IGTB508,music_weighted,ratio2,60,300,-0.08703557867568518,-0.11384358665528947,-0.002921567030463361,-0.08830402247396008,-0.285212387779013,-0.041024231207829595,-0.05828448651203238,-0.046466777050812334
IGTB508,music_weighted,ratio4,60,120,-0.08668597736746475,-0.14223650058568116,0.18508922931249766,-0.3339705275222838,-0.36493707940678427,-0.12686317426051288,0.17010769947222218,-0.04954201179992265
IGTB508,music_weighted,ratio4,120,300,-0.17433119833924995,-0.18742160132524327,-0.31932679810222514,0.03453792846097033,-0.45798098946015725,-0.20962923499796587,0.03370586505843763,-0.127293960994563
IGTB508,music_weighted,ratio4,60,300,-0.26101717570671473,-0.32965810191092443,-0.13423756878972748,-0.2994325990613135,-0.8229180688669415,-0.33649240925847873,0.2038135645306598,-0.17683597279448565
IGTB514,music_nnls,ratio10,60,120,0.31944510124853537,0.5386870457479334,-0.36272874745087,0.5200234003898141,0.04086294108423795,2.084944993110654,-0.705717689121908,0.3392857094792815
IGTB514,music_nnls,ratio10,120,300,-0.2655234519781221,-0.2722372473170144,-0.4149659748966502,-0.29733556541648193,0.5367718518499051,-1.0067271906034456,-0.3211829520370923,-0.08970088076496491
IGTB514,music_nnls,ratio10,60,300,0.05392164927041326,0.266449798430919,-0.7776947223475202,0.22268783497333214,0.577634792934143,1.0782178025072082,-1.0269006411590005,0.2495848287143166
IGTB514,music_nnls,ratio2,60,120,0.1036420144088527,0.24322105178841985,-0.036706327450843665,-0.21830357701019193,0.4521380623718475,0.764800994423536,-0.15308642840841044,-0.18699063747283046
IGTB514,music_nnls,ratio2,120,300,-0.1332605345130726,-0.235196313917268,-0.07136672790647469,-0.033660132775783086,-0.33395139718681444,-0.512165851987086,0.061025619496052896,0.09055528328168033
IGTB514,music_nnls,ratio2,60,300,-0.029618520104219892,0.008024737871151856,-0.10807305535731837,-0.251963709785975,0.11818666518503303,0.25263514243645,-0.09206080891235756,-0.09643535419115012
IGTB514,music_nnls,ratio4,60,120,0.027388926270364516,0.1688431102788378,-0.3587629303037172,0.013219274609383824,-0.1820858237402537,0.9071714007770711,-0.39965095001928197,0.18444258629898208
IGTB514,music_nnls,ratio4,120,300,-0.08874652323604587,-0.15768996811989736,0.1008200077215822,-0.3516854889218922,0.47277308942376195,-0.769648426334959,0.064019336650845,-0.04875765795560924
IGTB514,music_nnls,ratio4,60,300,-0.061357596965681355,0.011153142158940449,-0.25794292258213497,-0.33846621431250845,0.2906872656835082,0.13752297444211206,-0.335631613368437,0.13568492834337284
IGTB514,music_weighted,ratio10,60,120,-0.20342947166015335,-0.10379063366033048,-0.5437422270106789,-0.46592262007774254,0.204937146962603,0.6540370467567667,-0.759462631855281,-0.31042354473658296
IGTB514,music_weighted,ratio10,120,300,-0.28691828864930574,-0.3575129698729902,-0.49403782997580825,-0.3440495636600724,-0.3630684567937458,-0.4174394596495239,-0.16044425500117435,0.057529833184487206
IGTB514,music_weighted,ratio10,60,300,-0.4903477603094591,-0.46130360353332067,-1.0377800569864872,-0.8099721837378149,-0.15813130983114276,0.23659758710724277,-0.9199068868564553,-0.2528937115520958
IGTB514,music_weighted,ratio2,60,120,0.014621001010646256,0.05323758350174225,0.1552333008595731,-0.20064173213802441,0.12013795734409284,0.1957898773632507,-0.09000586324387948,-0.09278753412112933
IGTB514,music_weighted,ratio2,120,300,-0.05875153875446356,-0.10625417218209007,-0.08014851387308505,0.08443226937169171,-0.2237580805092856,-0.24492835960091522,0.03275160268871305,0.07914184939609159
IGTB514,music_weighted,ratio2,60,300,-0.044130537743817304,-0.053016588680347816,0.07508478698648804,-0.1162094627663327,-0.10362012316519277,-0.04913848223766451,-0.05725426055516643,-0.013645684725037743
IGTB514,music_weighted,ratio4,60,120,-0.03185102279639401,0.03283123858036108,0.007676719214711691,-0.29277748357943917,0.08302931398280855,0.24656025480402438,-0.20363272229049723,-0.03196221890996402
IGTB514,music_weighted,ratio4,120,300,-0.15665342313782016,-0.2445523250316621,-0.163347345709626,-0.06092974355932766,-0.3304903567410663,-0.4597113113646122,0.01900593708628103,0.055552281461419745
IGTB514,music_weighted,ratio4,60,300,-0.18850444593421417,-0.21172108645130103,-0.1556706264949143,-0.35370722713876684,-0.24746104275825775,-0.2131510565605878,-0.1846267852042162,0.023590062551455723
IGTB826,music_nnls,ratio10,60,120,0.23180757048181266,0.22050024662215412,0.047103234324968435,-0.16079213311573692,0.5676928467597153,0.11348769584657703,-0.5420435590037229,1.365397338079073
IGTB826,music_nnls,ratio10,120,300,-0.08080547894541,0.024586128890923237,0.3000435804763859,-0.46876841604778696,1.002484060800433,0.06605910596398201,0.03742077407059252,-1.4220719789360639
IGTB826,music_nnls,ratio10,60,300,0.15100209153640265,0.24508637551307735,0.34714681480135434,-0.6295605491635239,1.5701769075601484,0.17954680181055904,-0.5046227849331304,-0.05667464085699092
IGTB826,music_nnls,ratio2,60,120,0.2864306712949628,0.40522531005258183,-0.11850934379194492,-0.05263140148663318,1.3517778939101384,0.3957552105250387,-0.025292244728601032,0.1674839133417781
IGTB826,music_nnls,ratio2,120,300,-0.016062035709445418,-0.06790759353754755,0.29783147767646795,0.006230201164525398,-0.27792414477080757,-0.1457509693311348,-0.024076753079775907,0.04731797408404907
IGTB826,music_nnls,ratio2,60,300,0.2703686355855174,0.3373177165150343,0.17932213388452306,-0.046401200322107775,1.073853749139331,0.2500042411939039,-0.04936899780837694,0.21480188742582718
IGTB826,music_nnls,ratio4,60,120,0.31046737763824384,0.49264461971109813,-0.19463737481540425,-0.3760413181837873,2.5226217809992706,0.46539077794596784,-0.1961959842958556,-0.358333615820731
IGTB826,music_nnls,ratio4,120,300,-0.29453575742560145,-0.3968770649034481,0.4325418470221693,-0.10494387285106092,-0.9311014652253014,-0.7134369527117299,0.17791499126899243,-0.6281890920566807
IGTB826,music_nnls,ratio4,60,300,0.015931620212642356,0.09576755480765003,0.23790447220676506,-0.4809851910348482,1.5915203157739692,-0.24804617476576207,-0.018280993026863174,-0.9865227078774117
IGTB826,music_weighted,ratio10,60,120,-0.49310539031621675,-0.41978667199570696,-0.10513717659998423,-0.5692098125901697,-0.06603256696006055,-0.3343214334528749,-0.7790826903793452,-1.1048486619148599
IGTB826,music_weighted,ratio10,120,300,-0.65864994168048,-0.876643794912278,-0.267349697699112,-0.3178933035543137,-0.8851645830542207,-1.4360800902889486,-0.20591192765869787,-0.8395000478275938
IGTB826,music_weighted,ratio10,60,300,-1.1517553319966967,-1.296430466907985,-0.3724868742990962,-0.8871031161444835,-0.9511971500142813,-1.7704015237418234,-0.9849946180380431,-1.9443487097424539
IGTB826,music_weighted,ratio2,60,120,0.08652136326452436,0.22983640212056033,-0.040740011132623044,-0.07855574049522294,0.6984285211726975,0.37596577943103743,-0.1553450343438556,-0.28062533504487974
IGTB826,music_weighted,ratio2,120,300,-0.06573620932197644,-0.15705110811508344,0.07134407868860325,0.06296287380352968,-0.32813952574996297,-0.2820448934920577,0.015972788574327303,0.06548742224369433
IGTB826,music_weighted,ratio2,60,300,0.02078515394254793,0.07278529400547687,0.030604067555980198,-0.015592866691693269,0.3702889954227346,0.09392088593897974,-0.1393722457695283,-0.2151379128011854
IGTB826,music_weighted,ratio4,60,120,-0.10070683102106542,0.05478478504331696,-0.060335550622791945,-0.38489950011408514,0.6331927544765386,0.2234700760593273,-0.35875085169717863,-0.6569179142281963
IGTB826,music_weighted,ratio4,120,300,-0.30698150177966704,-0.5337722163539899,0.023693094685567517,0.09076580077727185,-0.8090276262927932,-1.1189305348318364,0.13322588390635023,-0.16161562892256762
IGTB826,music_weighted,ratio4,60,300,-0.40768833280073247,-0.4789874313106729,-0.03664245593722443,-0.2941336993368133,-0.17583487181625468,-0.8954604587725091,-0.2255249677908284,-0.818533543150764
