block_set,method,budget,level,mae_penalty_pp,rmse_penalty_pp,absolute_error_0_penalty_pp,absolute_error_1_penalty_pp,absolute_error_2_penalty_pp,absolute_error_3_penalty_pp,absolute_error_4_penalty_pp,absolute_error_5_penalty_pp
combined_15,music_nnls,60,ratio10,0.0821120818420693,0.06304961725036771,0.5336453961595065,0.15902353390148136,-0.2205072648414385,-0.3280175470866523,0.11488728366021268,0.23364108925930602
combined_15,music_nnls,300,ratio10,-0.07685799285344805,-0.12098286523406829,0.08610518835842586,-0.016138111860090155,-0.24897415683335328,-0.2729750611745324,0.04597694267886078,-0.055142758289999004
combined_15,music_weighted,60,ratio10,0.5973400204434842,0.686474206749623,0.8815907633085243,0.7471924150748469,0.3503984344040774,0.6226525296629195,0.3252612412055447,0.6569447390049918
combined_15,music_weighted,300,ratio10,-0.07184025770632171,-0.1380755485291094,0.05226008938877134,0.05378613586821642,-0.4685899284139232,-0.24507808203689077,0.00607548692054368,0.17050475203535215
new_12,music_nnls,60,ratio10,0.06076935011276559,0.0448352464663904,0.4764489008760711,0.15664288323322031,-0.20336964428934282,-0.3569256180563146,0.0985192609061338,0.19330031800682596
new_12,music_nnls,300,ratio10,-0.08856098874056817,-0.13282017956469302,0.09928621837010954,-0.030127121621615828,-0.2593493976324937,-0.32931098782739154,0.05760645450507134,-0.06947109823708894
new_12,music_weighted,60,ratio10,0.5913760480203871,0.679924690567811,0.8955610404897396,0.740343458620914,0.3319299989250215,0.6200680643329753,0.3126549395170433,0.6476987862366285
new_12,music_weighted,300,ratio10,-0.07330166311674587,-0.14296126990009148,0.05180882596561464,0.05996521087220472,-0.4796333318176407,-0.2662547545766716,0.011609414131851249,0.18269465672416668
original_3,music_nnls,60,ratio10,0.1674830087592842,0.1359071003862769,0.7624313772932482,0.1685461365745255,-0.2890577470498212,-0.2123852632080029,0.18035937467652827,0.3950041742692264
original_3,music_nnls,300,ratio10,-0.030046009304967553,-0.07363360791156934,0.03338106831169108,0.039817927186012514,-0.20747319363679173,-0.04763135456309587,-0.0005411046259814548,0.0021706014983606642
original_3,music_weighted,60,ratio10,0.6211959101358727,0.7126722714768707,0.8257096545836629,0.7745882408905785,0.42427217632030123,0.632990390982696,0.3756864479595505,0.6939285500784459
original_3,music_weighted,300,ratio10,-0.06599463606462522,-0.11853266304518106,0.05406514308139809,0.029069835852263276,-0.42441631479905323,-0.16037139187776753,-0.01606022192468663,0.12174513328009416
