block_set,method,budget,level,mae_pp,rmse_pp,absolute_error_0_pp,absolute_error_1_pp,absolute_error_2_pp,absolute_error_3_pp,absolute_error_4_pp,absolute_error_5_pp
combined_15,music_nnls,60,balanced,8.61565262345322,10.973894201925974,8.570739600608936,4.259985309392545,10.987421367385718,14.119322988708078,4.726372608285959,9.030073866338086
combined_15,music_nnls,60,ratio10,8.69776470529529,11.036943819176342,9.104384996768445,4.419008843294026,10.766914102544279,13.791305441621423,4.841259891946172,9.263714955597392
combined_15,music_nnls,300,balanced,8.71524821571977,11.142867215737578,8.476619373944482,4.30270372251905,11.387787984380735,14.34040449411666,4.653704970834669,9.130268748523028
combined_15,music_nnls,300,ratio10,8.638390222866322,11.021884350503509,8.562724562302908,4.286565610658959,11.13881382754738,14.067429432942129,4.69968191351353,9.07512599023303
combined_15,music_weighted,60,balanced,5.374524306455315,6.889961561229498,4.748764539700902,2.3364093050226558,7.821840378982705,9.028501984172648,3.6235537713205543,4.688075859532432
combined_15,music_weighted,60,ratio10,5.9718643268988005,7.576435767979121,5.630355303009426,3.083601720097502,8.172238813386782,9.651154513835568,3.9488150125260995,5.345020598537424
combined_15,music_weighted,300,balanced,5.319563187283677,6.881965449451245,4.574978860657623,2.167833237272015,8.225823185597148,9.027660936045747,3.5976522359263554,4.323430668203175
combined_15,music_weighted,300,ratio10,5.247722929577356,6.743889900922135,4.627238950046395,2.2216193731402316,7.757233257183226,8.782582854008856,3.6037277228468994,4.493935420238526
new_12,music_nnls,60,balanced,8.631542040530553,10.990254287269645,8.620651721466922,4.260070008999856,10.972009138542504,14.127739806505497,4.756155707382284,9.05262586028626
new_12,music_nnls,60,ratio10,8.69231139064332,11.035089533736032,9.097100622342992,4.416712892233076,10.768639494253161,13.770814188449181,4.854674968288417,9.245926178293088
new_12,music_nnls,300,balanced,8.723031667984394,11.148962009429749,8.484423353879118,4.315920266643106,11.368988264393549,14.364420751534889,4.652937791224962,9.151499580230743
new_12,music_nnls,300,ratio10,8.634470679243826,11.016141829865054,8.583709572249225,4.285793145021491,11.109638866761056,14.035109763707496,4.710544245730032,9.082028481993655
new_12,music_weighted,60,balanced,5.395739739318543,6.91163435252085,4.769035651614689,2.3661691257828563,7.83281564702265,9.042218804649421,3.651893788044184,4.712305418797459
new_12,music_weighted,60,ratio10,5.98711578733893,7.591559043088661,5.664596692104429,3.10651258440377,8.164745645947672,9.662286868982395,3.964548727561227,5.3600042050340875
new_12,music_weighted,300,balanced,5.329377963623243,6.8942575998457665,4.577105386201235,2.1795515726054115,8.249303258966139,9.049658816455343,3.5985539585338415,4.322094788977488
new_12,music_weighted,300,ratio10,5.256076300506497,6.751296329945675,4.628914212166849,2.239516783477616,7.769669927148498,8.783404061878672,3.6101633726656925,4.504789445701655
original_3,music_nnls,60,balanced,8.552094955143888,10.908453860551296,8.371091117177006,4.259646510963301,11.049070282758574,14.085655717518403,4.60724021190066,8.93986589054538
original_3,music_nnls,60,ratio10,8.719577963903172,11.044360960937572,9.133522494470254,4.428192647537826,10.760012535708753,13.873270454310399,4.787599586577187,9.33487006481461
original_3,music_nnls,300,balanced,8.684114406661278,11.118488040968893,8.445403454205945,4.249837546022823,11.462986864329476,14.244339464443753,4.656773689273504,9.04534542169217
original_3,music_nnls,300,ratio10,8.65406839735631,11.044854433057324,8.478784522517635,4.2896554732088354,11.255513670692684,14.196708109880657,4.656232584647522,9.04751602319053
original_3,music_weighted,60,balanced,5.289662575002408,6.803270396064089,4.667680092045752,2.2173700219818517,7.777939306822921,8.973634702265558,3.510193704426037,4.591157622472324
original_3,music_weighted,60,ratio10,5.91085848513828,7.515942667540959,5.493389746629414,2.99195826287243,8.202211483143222,9.606625093248255,3.8858801523855875,5.28508617255077
original_3,music_weighted,300,balanced,5.280304081925415,6.832796847873159,4.566472758483174,2.120959895938429,8.131902892121193,8.93966941440736,3.5940453454964123,4.32877418510592
original_3,music_weighted,300,ratio10,5.21430944586079,6.714264184827977,4.620537901564573,2.1500297317906916,7.707486577322141,8.779298022529593,3.5779851235717257,4.450519318386014
