block_set,method,metric,estimand,n_blocks,mean_pp,block_sd_pp,conditional_mcse_pp,precision_target_pp,meets_precision_target
original_3,music_weighted,mae_pp,I60,3,0.6211959101358726,0.02536124259921203,0.01464232024163847,0.05,True
original_3,music_weighted,mae_pp,I300,3,-0.06599463606462522,0.050482322292356996,0.02914598236480976,0.05,True
original_3,music_weighted,mae_pp,C300_minus_60,3,-0.6871905462004979,0.03510782940045737,0.02026951475501752,0.05,True
original_3,music_weighted,rmse_pp,I60,3,0.7126722714768707,0.012732261989761202,0.00735097488718147,,
original_3,music_weighted,rmse_pp,I300,3,-0.11853266304518106,0.062477282025402564,0.03607127559560234,,
original_3,music_weighted,rmse_pp,C300_minus_60,3,-0.8312049345220519,0.05067514129079317,0.029257306465461756,,
original_3,music_weighted,absolute_error_0_pp,I60,3,0.825709654583663,0.38666007856545564,0.22323830044464768,,
original_3,music_weighted,absolute_error_0_pp,I300,3,0.05406514308139809,0.16975025204717445,0.098005353714443,,
original_3,music_weighted,absolute_error_0_pp,C300_minus_60,3,-0.7716445115022648,0.48252319496687845,0.2785848965043656,,
original_3,music_weighted,absolute_error_1_pp,I60,3,0.7745882408905785,0.08651599916928399,0.04995003540959555,,
original_3,music_weighted,absolute_error_1_pp,I300,3,0.02906983585226328,0.03594934235353317,0.020755362485002392,,
original_3,music_weighted,absolute_error_1_pp,C300_minus_60,3,-0.7455184050383151,0.06545759457855227,0.037791959850432544,,
original_3,music_weighted,absolute_error_2_pp,I60,3,0.42427217632030123,0.3731910851924247,0.21546197349501497,,
original_3,music_weighted,absolute_error_2_pp,I300,3,-0.42441631479905323,0.18956307306235487,0.10944429126096329,,
original_3,music_weighted,absolute_error_2_pp,C300_minus_60,3,-0.8486884911193545,0.5613302726991027,0.32408418404711303,,
original_3,music_weighted,absolute_error_3_pp,I60,3,0.6329903909826959,0.022634657039410533,0.013068125334718529,,
original_3,music_weighted,absolute_error_3_pp,I300,3,-0.16037139187776753,0.22809113252646998,0.13168847676392406,,
original_3,music_weighted,absolute_error_3_pp,C300_minus_60,3,-0.7933617828604634,0.21376582711092026,0.12341775782603283,,
original_3,music_weighted,absolute_error_4_pp,I60,3,0.37568644795955053,0.16156342877777044,0.0932786890960447,,
original_3,music_weighted,absolute_error_4_pp,I300,3,-0.01606022192468664,0.06788087250169896,0.03919104001168256,,
original_3,music_weighted,absolute_error_4_pp,C300_minus_60,3,-0.3917466698842372,0.1670722540231074,0.0964592108343586,,
original_3,music_weighted,absolute_error_5_pp,I60,3,0.6939285500784459,0.10093857584714612,0.058276913936967274,,
original_3,music_weighted,absolute_error_5_pp,I300,3,0.12174513328009413,0.14840959043183072,0.08568431698613958,,
original_3,music_weighted,absolute_error_5_pp,C300_minus_60,3,-0.5721834167983517,0.2491636687118122,0.14385471120303953,,
original_3,music_nnls,mae_pp,I60,3,0.1674830087592842,0.16104875761656753,0.09298154356258007,,
original_3,music_nnls,mae_pp,I300,3,-0.030046009304967546,0.16517262138927072,0.09536245742185159,,
original_3,music_nnls,mae_pp,C300_minus_60,3,-0.19752901806425174,0.32212062270124253,0.18597642822809227,,
original_3,music_nnls,rmse_pp,I60,3,0.13590710038627687,0.22526607719342853,0.130057430306917,,
original_3,music_nnls,rmse_pp,I300,3,-0.07363360791156934,0.2100566821439642,0.12127628198089739,,
original_3,music_nnls,rmse_pp,C300_minus_60,3,-0.2095407082978462,0.4211546278614331,0.24315373776625507,,
original_3,music_nnls,absolute_error_0_pp,I60,3,0.7624313772932481,0.47241018122525386,0.2727461452983202,,
original_3,music_nnls,absolute_error_0_pp,I300,3,0.033381068311691076,0.27367943934315336,0.15800889797643547,,
original_3,music_nnls,absolute_error_0_pp,C300_minus_60,3,-0.7290503089815571,0.6457020482550004,0.3727962513763172,,
original_3,music_nnls,absolute_error_1_pp,I60,3,0.16854613657452547,0.2547795934835355,0.14709706688174265,,
original_3,music_nnls,absolute_error_1_pp,I300,3,0.039817927186012514,0.1023542579897537,0.059094258403088705,,
original_3,music_nnls,absolute_error_1_pp,C300_minus_60,3,-0.12872820938851295,0.3544434434275251,0.20463801747537952,,
original_3,music_nnls,absolute_error_2_pp,I60,3,-0.2890577470498211,0.8291188261927528,0.47869197749257236,,
original_3,music_nnls,absolute_error_2_pp,I300,3,-0.2074731936367917,0.1276471211635554,0.07369709976505949,,
original_3,music_nnls,absolute_error_2_pp,C300_minus_60,3,0.08158455341302943,0.9549704628000707,0.5513524537657624,,
original_3,music_nnls,absolute_error_3_pp,I60,3,-0.2123852632080029,0.2873445895374104,0.16589847611960643,,
original_3,music_nnls,absolute_error_3_pp,I300,3,-0.04763135456309586,0.5836766688721938,0.33698588189306516,,
original_3,music_nnls,absolute_error_3_pp,C300_minus_60,3,0.16475390864490713,0.8709201007737669,0.5028259546243904,,
original_3,music_nnls,absolute_error_4_pp,I60,3,0.1803593746765283,0.1517199193308163,0.0875955362670751,,
original_3,music_nnls,absolute_error_4_pp,I300,3,-0.000541104625981457,0.08208749302670384,0.04739323619606899,,
original_3,music_nnls,absolute_error_4_pp,C300_minus_60,3,-0.18090047930250974,0.21567504359473705,0.12452004447690572,,
original_3,music_nnls,absolute_error_5_pp,I60,3,0.39500417426922646,0.369895405703003,0.21355921205463463,,
original_3,music_nnls,absolute_error_5_pp,I300,3,0.0021706014983606746,0.08953687815765528,0.051694140706721,,
original_3,music_nnls,absolute_error_5_pp,C300_minus_60,3,-0.39283357277086584,0.2814308238696081,0.1624841619193764,,
new_12,music_weighted,mae_pp,I60,12,0.5913760480203871,0.1104857176375396,0.031894479409821236,0.05,True
new_12,music_weighted,mae_pp,I300,12,-0.07330166311674584,0.10247365183541789,0.029581595236011254,0.05,True
new_12,music_weighted,mae_pp,C300_minus_60,12,-0.6646777111371328,0.16841469732977538,0.04861713541941758,0.05,True
new_12,music_weighted,rmse_pp,I60,12,0.679924690567811,0.16234647760379306,0.04686539127326874,,
new_12,music_weighted,rmse_pp,I300,12,-0.14296126990009148,0.14664416786810708,0.04233252489687015,,
new_12,music_weighted,rmse_pp,C300_minus_60,12,-0.8228859604679025,0.25407689217142904,0.07334568104501904,,
new_12,music_weighted,absolute_error_0_pp,I60,12,0.8955610404897395,0.25803037390750394,0.0744869529172986,,
new_12,music_weighted,absolute_error_0_pp,I300,12,0.05180882596561465,0.16339808477074377,0.0471689641137291,,
new_12,music_weighted,absolute_error_0_pp,C300_minus_60,12,-0.843752214524125,0.3850095458470359,0.11114268246768087,,
new_12,music_weighted,absolute_error_1_pp,I60,12,0.740343458620914,0.10259237721077966,0.02961586829972363,,
new_12,music_weighted,absolute_error_1_pp,I300,12,0.059965210872204716,0.04372797206831131,0.012623178222377986,,
new_12,music_weighted,absolute_error_1_pp,C300_minus_60,12,-0.6803782477487093,0.09040200631625482,0.026096811340985987,,
new_12,music_weighted,absolute_error_2_pp,I60,12,0.3319299989250215,0.3619048874876057,0.10447294210600519,,
new_12,music_weighted,absolute_error_2_pp,I300,12,-0.4796333318176406,0.256155088796043,0.07394560473534396,,
new_12,music_weighted,absolute_error_2_pp,C300_minus_60,12,-0.8115633307426622,0.5101623785963431,0.14727119330650923,,
new_12,music_weighted,absolute_error_3_pp,I60,12,0.6200680643329753,0.2962488723817666,0.08551968310836802,,
new_12,music_weighted,absolute_error_3_pp,I300,12,-0.26625475457667164,0.2849849004439275,0.08226805449314012,,
new_12,music_weighted,absolute_error_3_pp,C300_minus_60,12,-0.886322818909647,0.5200531110409998,0.1501264018262118,,
new_12,music_weighted,absolute_error_4_pp,I60,12,0.3126549395170433,0.1048763747853762,0.030275201606984516,,
new_12,music_weighted,absolute_error_4_pp,I300,12,0.01160941413185125,0.069325996122367,0.020012691261543772,,
new_12,music_weighted,absolute_error_4_pp,C300_minus_60,12,-0.301045525385192,0.10227265489263347,0.02952357241649982,,
new_12,music_weighted,absolute_error_5_pp,I60,12,0.6476987862366285,0.2187183930063087,0.06313856153945735,,
new_12,music_weighted,absolute_error_5_pp,I300,12,0.18269465672416663,0.12766839356806461,0.0368546906967646,,
new_12,music_weighted,absolute_error_5_pp,C300_minus_60,12,-0.46500412951246184,0.2214350092753522,0.06392278110656593,,
new_12,music_nnls,mae_pp,I60,12,0.06076935011276561,0.2812050295814303,0.08117689976315773,,
new_12,music_nnls,mae_pp,I300,12,-0.08856098874056817,0.14865227737960088,0.04291221618038175,,
new_12,music_nnls,mae_pp,C300_minus_60,12,-0.14933033885333377,0.35493883139298016,0.10246201492529415,,
new_12,music_nnls,rmse_pp,I60,12,0.04483524646639042,0.391341098544287,0.11297044429475399,,
new_12,music_nnls,rmse_pp,I300,12,-0.13282017956469302,0.1955344644531488,0.05644593784393739,,
new_12,music_nnls,rmse_pp,C300_minus_60,12,-0.17765542603108342,0.48953709608998924,0.1413171871029315,,
new_12,music_nnls,absolute_error_0_pp,I60,12,0.47644890087607106,0.6223157627662673,0.17964708657702588,,
new_12,music_nnls,absolute_error_0_pp,I300,12,0.09928621837010954,0.317456876756458,0.09164190662571944,,
new_12,music_nnls,absolute_error_0_pp,C300_minus_60,12,-0.3771626825059615,0.8334530942011344,0.24059718414697576,,
new_12,music_nnls,absolute_error_1_pp,I60,12,0.15664288323322031,0.3553569504222297,0.10258271549233941,,
new_12,music_nnls,absolute_error_1_pp,I300,12,-0.03012712162161582,0.10186781593845831,0.02940670547691408,,
new_12,music_nnls,absolute_error_1_pp,C300_minus_60,12,-0.1867700048548361,0.3657260171532047,0.10557600722652621,,
new_12,music_nnls,absolute_error_2_pp,I60,12,-0.20336964428934282,0.7347686113250003,0.2121094277702882,,
new_12,music_nnls,absolute_error_2_pp,I300,12,-0.2593493976324937,0.34721165631244255,0.10023137161888226,,
new_12,music_nnls,absolute_error_2_pp,C300_minus_60,12,-0.05597975334315086,0.895544103144071,0.2585213145107057,,
new_12,music_nnls,absolute_error_3_pp,I60,12,-0.3569256180563147,0.8980619007896443,0.2592481400849241,,
new_12,music_nnls,absolute_error_3_pp,I300,12,-0.3293109878273915,0.42215856258318457,0.12186667987405356,,
new_12,music_nnls,absolute_error_3_pp,C300_minus_60,12,0.027614630228923142,1.0320605371235656,0.2979302144641402,,
new_12,music_nnls,absolute_error_4_pp,I60,12,0.09851926090613379,0.2778399417754217,0.08020548258783484,,
new_12,music_nnls,absolute_error_4_pp,I300,12,0.05760645450507135,0.07739417465020926,0.022341773784003614,,
new_12,music_nnls,absolute_error_4_pp,C300_minus_60,12,-0.040912806401062464,0.2991692524746975,0.08636272422476286,,
new_12,music_nnls,absolute_error_5_pp,I60,12,0.19330031800682593,0.7688651715508018,0.22195225688269163,,
new_12,music_nnls,absolute_error_5_pp,I300,12,-0.06947109823708893,0.3473066144265228,0.10025878366524525,,
new_12,music_nnls,absolute_error_5_pp,C300_minus_60,12,-0.2627714162439148,0.8093203660191955,0.23363066559091453,,
combined_15,music_weighted,mae_pp,I60,15,0.5973400204434841,0.09917464937345322,0.02560678435928961,0.05,True
combined_15,music_weighted,mae_pp,I300,15,-0.07184025770632173,0.09286488441348796,0.02397761005206104,0.05,True
combined_15,music_weighted,mae_pp,C300_minus_60,15,-0.669180278149806,0.15016184578079134,0.03877162186298475,0.05,True
combined_15,music_weighted,rmse_pp,I60,15,0.686474206749623,0.14462220670660916,0.03734129320443092,,
combined_15,music_weighted,rmse_pp,I300,15,-0.13807554852910942,0.13250031525689743,0.03421143429047975,,
combined_15,music_weighted,rmse_pp,C300_minus_60,15,-0.8245497552787325,0.2260543188784577,0.0583669741569685,,
combined_15,music_weighted,absolute_error_0_pp,I60,15,0.8815907633085245,0.27295977775790087,0.07047791156272185,,
combined_15,music_weighted,absolute_error_0_pp,I300,15,0.05226008938877134,0.1584141925538875,0.040902368637606754,,
combined_15,music_weighted,absolute_error_0_pp,C300_minus_60,15,-0.8293306739197529,0.38809902746713004,0.10020673800396597,,
combined_15,music_weighted,absolute_error_1_pp,I60,15,0.7471924150748469,0.09767353895734912,0.02521919931646363,,
combined_15,music_weighted,absolute_error_1_pp,I300,15,0.05378613586821643,0.04301914811110695,0.011107496280156498,,
combined_15,music_weighted,absolute_error_1_pp,C300_minus_60,15,-0.6934062792066304,0.08809528923767768,0.022746105873123406,,
combined_15,music_weighted,absolute_error_2_pp,I60,15,0.3503984344040774,0.35251492188664096,0.09101896145043792,,
combined_15,music_weighted,absolute_error_2_pp,I300,15,-0.46858992841392316,0.23918842655038983,0.061758186175681046,,
combined_15,music_weighted,absolute_error_2_pp,C300_minus_60,15,-0.8189883628180007,0.49974374819658113,0.1290332809424421,,
combined_15,music_weighted,absolute_error_3_pp,I60,15,0.6226525296629196,0.262790351165992,0.06785217690732571,,
combined_15,music_weighted,absolute_error_3_pp,I300,15,-0.2450780820368908,0.2704940645450244,0.06984126714872224,,
combined_15,music_weighted,absolute_error_3_pp,C300_minus_60,15,-0.8677306116998103,0.46958488424462197,0.12124629575401057,,
combined_15,music_weighted,absolute_error_4_pp,I60,15,0.3252612412055447,0.11424604008201518,0.029498200707185986,,
combined_15,music_weighted,absolute_error_4_pp,I300,15,0.006075486920543673,0.06757013174046321,0.017446532995457013,,
combined_15,music_weighted,absolute_error_4_pp,C300_minus_60,15,-0.319185754285001,0.11668853711839548,0.030128850730190112,,
combined_15,music_weighted,absolute_error_5_pp,I60,15,0.656944739004992,0.19851619951452534,0.05125666231147637,,
combined_15,music_weighted,absolute_error_5_pp,I300,15,0.17050475203535212,0.12880157649944216,0.03325642404984,,
combined_15,music_weighted,absolute_error_5_pp,C300_minus_60,15,-0.48643998696963975,0.222181220012573,0.057366944329916084,,
combined_15,music_nnls,mae_pp,I60,15,0.0821120818420693,0.2603628089253046,0.06722538819596591,,
combined_15,music_nnls,mae_pp,I300,15,-0.07685799285344805,0.14780636264789232,0.038163438733252064,,
combined_15,music_nnls,mae_pp,C300_minus_60,15,-0.15897007469551738,0.3379450690678733,0.08725704162885257,,
combined_15,music_nnls,rmse_pp,I60,15,0.06304961725036769,0.3591678695023447,0.09273674513835865,,
combined_15,music_nnls,rmse_pp,I300,15,-0.12098286523406829,0.1922100663967046,0.049628425741857246,,
combined_15,music_nnls,rmse_pp,C300_minus_60,15,-0.18403248248443602,0.4623924357550762,0.1193892135394462,,
combined_15,music_nnls,absolute_error_0_pp,I60,15,0.5336453961595066,0.5917694469901269,0.15279421419914227,,
combined_15,music_nnls,absolute_error_0_pp,I300,15,0.08610518835842583,0.3010449419187529,0.07772946976742061,,
combined_15,music_nnls,absolute_error_0_pp,C300_minus_60,15,-0.4475402078010806,0.7915683661841945,0.20438207330773328,,
combined_15,music_nnls,absolute_error_1_pp,I60,15,0.15902353390148133,0.3294182661162798,0.0850554305736583,,
combined_15,music_nnls,absolute_error_1_pp,I300,15,-0.016138111860090162,0.10241439040505196,0.026443281896716724,,
combined_15,music_nnls,absolute_error_1_pp,C300_minus_60,15,-0.1751616457615715,0.35159394853784104,0.09078116715429106,,
combined_15,music_nnls,absolute_error_2_pp,I60,15,-0.2205072648414385,0.7236431624702347,0.18684386112293913,,
combined_15,music_nnls,absolute_error_2_pp,I300,15,-0.24897415683335328,0.31226838153062947,0.08062734941435144,,
combined_15,music_nnls,absolute_error_2_pp,C300_minus_60,15,-0.028466891991914788,0.8738807645645292,0.22563504318196173,,
combined_15,music_nnls,absolute_error_3_pp,I60,15,-0.3280175470866523,0.80564709459686,0.20801718535293534,,
combined_15,music_nnls,absolute_error_3_pp,I300,15,-0.2729750611745324,0.4497759344596697,0.11613164691247861,,
combined_15,music_nnls,absolute_error_3_pp,C300_minus_60,15,0.055042485912119944,0.973901555419228,0.25146030033227795,,
combined_15,music_nnls,absolute_error_4_pp,I60,15,0.11488728366021268,0.2551271340891562,0.06587354276619524,,
combined_15,music_nnls,absolute_error_4_pp,I300,15,0.04597694267886078,0.07904785472350395,0.020410068326503605,,
combined_15,music_nnls,absolute_error_4_pp,C300_minus_60,15,-0.0689103409813519,0.2834214206168485,0.07317909613383344,,
combined_15,music_nnls,absolute_error_5_pp,I60,15,0.23364108925930605,0.70071280361487,0.18092326792497998,,
combined_15,music_nnls,absolute_error_5_pp,I300,15,-0.05514275828999901,0.31112612432298103,0.08033241987153092,,
combined_15,music_nnls,absolute_error_5_pp,C300_minus_60,15,-0.288783847549305,0.7272256191258079,0.18776884745397546,,
