held_out,method,mae_thin_minus_keep_pp,rmse_thin_minus_keep_pp
101,music_nnls,0.13444432795114164,0.16399677165713575
101,music_weighted,0.5998770784319882,0.6980189920475955
1015,music_nnls,-0.13458161949316064,-0.15775052554332936
1015,music_weighted,0.5359510225071807,0.6234429522910856
1016,music_nnls,-0.12253833961529,-0.23499203491541262
1016,music_weighted,0.5015205154110168,0.6169084354710463
1244,music_nnls,0.07275560365196068,-0.003569650837261819
1244,music_weighted,0.5683899452774213,0.6165960574349781
1256,music_nnls,-0.3258754171378167,-0.46290500397491585
1256,music_weighted,0.508295288999318,0.5932995088844331
1488,music_nnls,0.09950654650270173,0.14713239885620702
1488,music_weighted,0.5651691590270242,0.6459389500045083
